offering,unit_name,building,sub_community,community,emirate,property_type,bedrooms,bathrooms,size_sqft,furnished,price_aed,previous_price_aed,price_drop_pct,price_period,agent,agency,dld_permit,listed_date,listing_reference,url
rent,Penthouse | Private Pool | Burj Khalifa View,Noura Tower,Al Habtoor City,Business Bay,Dubai,Apartment,5,6,9468,YES,900000,1200000,25,yearly,Karolina Briss,ENGEL & VÖLKERS Dubai - L3,,2026-07-21T14:12:37Z,W-04AVDN,https://www.propertyfinder.ae/en/plp/rent/apartment-for-rent-dubai-business-bay-al-habtoor-city-noura-tower-119053120.html
rent,Penthouse | Furnished | Private Pool and Jacuzzi,Noura Tower,Al Habtoor City,Business Bay,Dubai,Apartment,5,7,9468,YES,900000,1200000,25,yearly,Simbarashe Raphael Mupfawa,Visionary Real Estate L.L.C,,2026-07-18T10:50:38Z,FDMBWE692044GSVSGF16TKVKN8,https://www.propertyfinder.ae/en/plp/rent/apartment-for-rent-dubai-business-bay-al-habtoor-city-noura-tower-117707492.html
sale,Luxury Furnished | High ROI | Hotel Managed,The One at Jumeirah Village Triangle,,Jumeirah Village Triangle,Dubai,Apartment,studio,1,309,YES,900000,1200000,25,sell,Ali Alawadhi,A I CAPITAL REAL ESTATE,,2026-07-20T10:30:24Z,ALI033-S-JVT-STU-,https://www.propertyfinder.ae/en/plp/buy/apartment-for-sale-dubai-jumeirah-village-triangle-the-one-at-jumeirah-village-triangle-118585642.html
rent,Exclusive Listing | 02 Series | Panoramic Views,IL Primo,Opera District,Downtown Dubai,Dubai,Penthouse,4,6,5300,YES,1900000,2500000,24,yearly,Moustafa Meles,Driven Properties,,2026-06-27T07:50:30Z,DPF-R-44672,https://www.propertyfinder.ae/en/plp/rent/penthouse-for-rent-dubai-downtown-dubai-opera-district-il-primo-108169130.html
sale,Own a Smart Studio in Arjan |Attractive Investment,Binghatti Hillcrest,,Arjan,Dubai,Apartment,studio,1,364,YES,600000,769231,22,sell,Munir Mohammad AlDeraawi,ORLA PROPERTIES L.L.C,,2026-07-20T09:26:15Z,ORLA-BINGHATTI-HILLCREST-S,https://www.propertyfinder.ae/en/plp/buy/apartment-for-sale-dubai-arjan-binghatti-hillcrest-118580395.html
rent,Exclusive | Single Row | Prime Location,Meadows 9,,Meadows,Dubai,Villa,4,5,13093,NO,510000,653846,22,yearly,Andre Henry-Watson,Hamptons International - T1,,2026-08-05T09:18:45Z,HI-R-13452,https://www.propertyfinder.ae/en/plp/rent/villa-for-rent-dubai-meadows-meadows-9-126095483.html
sale,Furnished | Luxury Villa | Private Pool,Cedre Villas,Cluster H,Dubai Silicon Oasis,Dubai,Villa,6,7,9192,YES,11000000,13924051,21,sell,Aber Ali Salem Al Momani,Coldwell Banker - Swap,,2026-06-22T15:53:25Z,CB-S-007774,https://www.propertyfinder.ae/en/plp/buy/villa-for-sale-dubai-dubai-silicon-oasis-cedre-villas-cluster-h-105989228.html
rent,Duplex Penthouse | Full Sea View | Private Pool,Five Palm Jumeirah,,Palm Jumeirah,Dubai,Apartment,4,5,9342,YES,1150000,1455696,21,yearly,Sakshi Ghuman,Luxury Concierge Real Estate,,2026-07-24T08:22:11Z,LCRE-R-SAKSHI-0050,https://www.propertyfinder.ae/en/plp/rent/apartment-for-rent-dubai-palm-jumeirah-five-palm-jumeirah-120642035.html
sale,Upgraded Studio | Market-Backed Price | Best Value,Uniestate Millennium Tower,,Dubai Silicon Oasis,Dubai,Apartment,studio,1,522,YES,675000,854430,21,sell,Wardany Fathy Mohamed Elsayed ,Hamptons International - Primary 2,,2026-05-25T08:00:58Z,HI-S-012406,https://www.propertyfinder.ae/en/plp/buy/apartment-for-sale-dubai-dubai-silicon-oasis-uniestate-millennium-tower-93997952.html
sale,Great Deal | Below Original Price,Vincitore Aqua Dimore,Vincitore Aqua Dimore,Dubai Science Park,Dubai,Apartment,studio,1,462,NO,590000,746835,21,sell,Siarhei Yakavenka,WHITEWILL REAL ESTATE BROKERS L.L.C,,2026-06-16T09:03:26Z,VAD-1606,https://www.propertyfinder.ae/en/plp/buy/apartment-for-sale-dubai-dubai-science-park-vincitore-aqua-dimore-103248866.html
sale,Ultra Luxury Waterfront Villa | Spacious Plot,Bay Villas,,Dubai Islands,Dubai,Villa,4,5,6627,NO,12000000,15000000,20,sell,Erlinda Villones,Casabella Property Broker,,2026-07-08T12:01:55Z,casabella-12345594,https://www.propertyfinder.ae/en/plp/buy/villa-for-sale-dubai-dubai-islands-bay-villas-113268457.html
sale,Prime Location | Spacious | 7 BR Villa,Al Mizhar 1,Al Mizhar 1,Al Mizhar,Dubai,Villa,7,7+,15000,YES,12000000,15000000,20,sell,Mohammad Alghamdi,Dur Real Estate L.L.C,,2026-07-08T10:05:54Z,BPGNHSGDQKPF6A94TBP2Z9GB3G,https://www.propertyfinder.ae/en/plp/buy/villa-for-sale-dubai-al-mizhar-al-mizhar-1-113257821.html
sale,Prime Location | Bigger Plot | Close to Downtown,Opal Gardens,District 11,Mohammed Bin Rashid City,Dubai,Villa,4,5,5223,PARTLY,7250000,9062500,20,sell,Nakiya  Kagdi,Hatimi Properties,,2026-08-05T13:02:38Z,996JZXF251M5Q13WY5X9PVB8JW,https://www.propertyfinder.ae/en/plp/buy/villa-for-sale-dubai-mohammed-bin-rashid-city-district-11-opal-gardens-126113836.html
sale,Premium location | 4 Bedroom | Corner Plot,Haven By Aldar,Ferns,Dubai Land,Dubai,Townhouse,4,4,3152,NO,4600000,5750000,20,sell,Sarah Alexander,Allsopp & Allsopp - Motor City Sales,,2026-07-23T10:35:33Z,L-305183,https://www.propertyfinder.ae/en/plp/buy/townhouse-for-sale-dubai-dubai-land-haven-by-aldar-ferns-120173587.html
rent,Exclusive Unit | Luxury Upgraded | Furnished,IL Primo,Opera District,Downtown Dubai,Dubai,Apartment,4,6,5300,YES,2000000,2500000,20,yearly,Moustafa Meles,Driven Properties,,2026-06-29T15:46:20Z,DP-R-63937,https://www.propertyfinder.ae/en/plp/rent/apartment-for-rent-dubai-downtown-dubai-opera-district-il-primo-109060930.html
sale,4 Bedrooms Townhouse | Violet - Damac Hills 2,Violet,Violet 2,Damac Hills 2,Dubai,Townhouse,4,5,1842,NO,1830000,2287500,20,sell,Karen Seah,Banke International Properties,,2026-06-27T07:06:14Z,BIS-24-6609,https://www.propertyfinder.ae/en/plp/buy/townhouse-for-sale-dubai-damac-hills-2-violet-violet-2-108168036.html
sale,Luxury Studio | Premium Amenities | Skyline View,Binghatti Ghost,Dubai Healthcare City 2,Al Jaddaf,Dubai,Apartment,studio,1,448,PARTLY,800000,1000000,20,sell,Deepak Sharma,IKA PROPERTY L.L.C,,2026-06-24T11:00:29Z,GK-S-0056,https://www.propertyfinder.ae/en/plp/buy/apartment-for-sale-dubai-al-jaddaf-dubai-healthcare-city-2-binghatti-ghost-106851545.html
sale,BEST PRICE  | HIGH ROI  | NEAR METRO,Time 3,,Dubai Land Residence Complex,Dubai,Apartment,studio,1,394,NO,505000,631250,20,sell, ELIE GEORGE IBRAHEEM,Rise Properties L.L.C,,2026-06-18T08:41:12Z,AUL/SP/2026/JUNE,https://www.propertyfinder.ae/en/plp/buy/apartment-for-sale-dubai-dubai-land-residence-complex-time-3-104162236.html
rent,Brand New | Spacious Layout | Premium Amenities,Crest Grande,Sobha Hartland,Mohammed Bin Rashid City,Dubai,Apartment,4,6,2156,NO,240000,300000,20,yearly,Mukhammad Sodik,Driven Properties,,2026-06-19T11:04:44Z,DPF-R-44490,https://www.propertyfinder.ae/en/plp/rent/apartment-for-rent-dubai-mohammed-bin-rashid-city-sobha-hartland-crest-grande-104686286.html
sale,Big Corner Plot- Direct Listing- Motivated Seller-,The Oasis - Palmiera,The Oasis - Palmiera,The Oasis by Emaar,Dubai,Villa,4,5,6146,NO,11000000,13580247,19,sell,Souha Blikaz,NINE VILLAGE REAL ESTATE L.L.C,,2026-07-30T10:52:12Z,NO-AGENT-94,https://www.propertyfinder.ae/en/plp/buy/villa-for-sale-dubai-the-oasis-by-emaar-the-oasis-palmiera-123377952.html
sale,Brand New | High Floor | Fully Furnished,Orra The Embankment Tower 1,Orra The Embankment,Jumeirah Lake Towers,Dubai,Apartment,4,5,2317,YES,3930000,4851852,19,sell,Reece Hughes,McCone Properties,,2026-07-30T10:37:57Z,MCC-S-76037-1,https://www.propertyfinder.ae/en/plp/buy/apartment-for-sale-dubai-jumeirah-lake-towers-orra-the-embankment-orra-the-embankment-tower-1-123376892.html
sale,Lowest Price| Bigger Plot | Motivated Seller,Ibiza,Ibiza,Damac Lagoons,Dubai,Townhouse,4,3,1550,NO,2600000,3209877,19,sell,Dikshya  Mishra ,BILLIONAIRE HOMES REAL ESTATE L.LC.,,2026-07-13T09:04:18Z,V8ZVXPD0MDJJN9H4DSJEAEQF4W,https://www.propertyfinder.ae/en/plp/buy/townhouse-for-sale-dubai-damac-lagoons-ibiza-115471106.html
sale,Vacant 3BR | Modern Design | Motivated Seller,Aykon City Tower C,Aykon City,Business Bay,Dubai,Apartment,3,3,1302,NO,2279999,2814814,19,sell,Lanlan Ding,KIRIN NOVA REAL ESTATE L.L.C S.O.C,,2026-07-24T11:14:45Z,OLV#AYKN-TC3BR,https://www.propertyfinder.ae/en/plp/buy/apartment-for-sale-dubai-business-bay-aykon-city-aykon-city-tower-c-120656716.html
sale,Resort Island | Guaranteed ROI | Luxury Living,St. Tropez Hotel,Cote D'Azur Hotel,The World Islands,Dubai,Apartment,studio,1,406,YES,1250000,1543210,19,sell,Mario Costa,D V R C REAL ESTATE L.L.C,,2026-05-14T09:31:35Z,CGC-S-1017,https://www.propertyfinder.ae/en/plp/buy/apartment-for-sale-dubai-the-world-islands-the-heart-of-europe-cote-dazur-hotel-st-tropez-hotel-89189541.html
sale,Bright Family Home | Modern Layout | Q4 2027,Reportage Village 1,Reportage Village 1,Reportage Village,Dubai,Townhouse,2,3,977,NO,1100000,1358025,19,sell,Marcus Andersson,Metropolitan Premium Properties,,2026-05-19T14:13:27Z,MPS-49091,https://www.propertyfinder.ae/en/plp/buy/townhouse-for-sale-dubai-reportage-village-reportage-village-1-91384457.html
sale,High Floor | Canal View | Best Layout,Peninsula Two,Peninsula,Business Bay,Dubai,Apartment,studio,1,408,NO,1035000,1277778,19,sell,Negin Mokhtari,O W J REAL ESTATE L.L.C,,2026-07-17T13:13:28Z,NMSBBPT2OJ-346,https://www.propertyfinder.ae/en/plp/buy/apartment-for-sale-dubai-business-bay-peninsula-peninsula-two-117271926.html
sale,Prime Location | High Floor | Handover Soon,Binghatti Ghost,Dubai Healthcare City 2,Al Jaddaf,Dubai,Apartment,studio,1,435,NO,811000,1001235,19,sell,Anmar Tareq Hasan,fam Properties - Branch 17,,2026-06-13T14:18:48Z,PF-YAgd-AS-173347,https://www.propertyfinder.ae/en/plp/buy/apartment-for-sale-dubai-al-jaddaf-dubai-healthcare-city-2-binghatti-ghost-102008381.html
sale,Near ExpoCity | High ROI | Investor Deal | Premium,Coventry 49,,Dubai South (Dubai World Central),Dubai,Apartment,studio,1,364,PARTLY,521818,644220,19,sell,NEHA HASWANI,EARENDEL REAL ESTATE BROKERAGE L.L.C,,2026-06-11T19:53:22Z,PE5W2RAP6KSS0MVAE1TYHZ3CG0,https://www.propertyfinder.ae/en/plp/buy/apartment-for-sale-dubai-dubai-south-dubai-world-central-coventry-49-101300295.html
rent,Fully Furnished | 3 Bedroom+Maid | Next to Metro,Marina Wharf 2,Marina Wharf,Dubai Marina,Dubai,Duplex,2,3,2057,YES,250000,308642,19,yearly,Shanel Koroglu,Sky View Real Estate Brokers,,2026-07-20T09:41:25Z,SkyView-34514,https://www.propertyfinder.ae/en/plp/rent/duplex-for-rent-dubai-dubai-marina-marina-wharf-marina-wharf-2-118581640.html
sale,OP + DLD | Premium | Private Pool | Luxury Living,Sobha Elwood,Sobha Elwood,Dubai Land,Dubai,Villa,4,6,6193,NO,8592290,10478402,18,sell,Alexander Wong,EQUITY REAL ESTATES L.L.C,,2026-07-07T06:26:09Z,L-19836,https://www.propertyfinder.ae/en/plp/buy/villa-for-sale-dubai-dubai-land-sobha-elwood-112730878.html
sale,Fully Furnished | Closed to Dubai Mall | Vacant,Vida Dubai Mall Tower 1,Vida Residences Dubai Mall,Downtown Dubai,Dubai,Apartment,2,3,1093,YES,4900000,5975610,18,sell,Isma Bouzinou,Driven Properties,,2026-07-30T09:26:18Z,DPF-S-56141,https://www.propertyfinder.ae/en/plp/buy/apartment-for-sale-dubai-downtown-dubai-vida-residences-dubai-mall-vida-dubai-mall-tower-1-123370603.html
rent,Stunning View | Luxury Unit | High Floor,IL Primo,Opera District,Downtown Dubai,Dubai,Penthouse,4,5,5300,PARTLY,1400000,1707317,18,yearly,Bayan Shegirova,Driven Properties,,2026-06-25T11:52:24Z,DP-R-63906,https://www.propertyfinder.ae/en/plp/rent/penthouse-for-rent-dubai-downtown-dubai-opera-district-il-primo-107297635.html
sale,1Min to Metro_Marina View_Limited Time Offer_CASH,Binghatti Luxuria,District 4,Jumeirah Village Triangle,Dubai,Apartment,studio,1,336,YES,530000,646341,18,sell,Mohamed Yassin,Daark Real Estate LLC,,2026-06-16T11:57:07Z,3S54FV2630NA55T1WWANF78824,https://www.propertyfinder.ae/en/plp/buy/apartment-for-sale-dubai-jumeirah-village-triangle-district-4-binghatti-luxuria-103263845.html
sale,Contemporary | 5BR | Big Plot | Large Layout,District One Villas,District One,Mohammed Bin Rashid City,Dubai,Villa,5,6,10746,NO,23200000,27951807,17,sell,Farah Albadaineh,ECOLIVING REAL ESTATE L.L.C,,2026-07-22T09:58:37Z,ecoliving-real-estate-l-l-c-00000280,https://www.propertyfinder.ae/en/plp/buy/villa-for-sale-dubai-mohammed-bin-rashid-city-district-one-district-one-villas-119723137.html
sale,Genuine Re-Sale | Next to Polo Fields | 5BR Villa,Chevalia Fields,Grand Polo Club and Resort,Dubai Investment Park (DIP),Dubai,Villa,5,7,5681,PARTLY,9800000,11807229,17,sell,Muhammad Saad Shafkat,Aeon & Trisl Real Estate Brokers,,2026-05-20T13:38:42Z,Portal-AT-403075,https://www.propertyfinder.ae/en/plp/buy/villa-for-sale-dubai-dubai-investment-park-dip-dubai-investment-park-2-dip-2-grand-polo-club-and-resort-chevalia-fields-91830090.html
sale,Premium 5-Bedroom Villa |High ROI,Maldives 2,Maldives,DAMAC Islands,Dubai,Villa,5,6,2496,NO,2850000,3433735,17,sell,Savneet Singh,HABSTONE HOMES REAL ESTATE,,2026-07-04T07:23:28Z,Maldives2-5BR,https://www.propertyfinder.ae/en/plp/buy/villa-for-sale-dubai-damac-islands-maldives-maldives-2-111404483.html
sale,Skyline Elegance | Spacious 1 Bedroom | Spacious,District 14,Helvetia Residences,Jumeirah Village Circle,Dubai,Apartment,1,2,927,NO,1290000,1554217,17,sell,Kamil Bekishiev,Idigov Real Estate,,2026-08-05T13:56:28Z,AP15485,https://www.propertyfinder.ae/en/plp/buy/apartment-for-sale-dubai-jumeirah-village-circle-district-14-helvetia-residences-126118362.html
sale,On High Floor | Beautiful Sea View | High ROI,Oceanz by Danube,Oceanz 2,Maritime City,Dubai,Apartment,studio,1,427,YES,1200000,1445783,17,sell,Baha Eldin Amir Mahgoub,Valorem Real Estate,,2026-07-07T08:53:27Z,vlrm_oceans_sle_ofp,https://www.propertyfinder.ae/en/plp/buy/apartment-for-sale-dubai-maritime-city-oceanz-by-danube-oceanz-2-112738283.html
sale,Burj Khalifa View | Luxury Living | Prime Location,Binghatti Skyrise Tower A,Binghatti Skyrise,Business Bay,Dubai,Apartment,studio,1,464,NO,949888,1144443,17,sell,Mustafa Elhadi Elfadli Mustafa,fam Properties - Branch 28,,2026-06-24T12:38:23Z,PF-ipud-AS-174348,https://www.propertyfinder.ae/en/plp/buy/apartment-for-sale-dubai-business-bay-binghatti-skyrise-binghatti-skyrise-tower-a-106858025.html
rent,PRISTINELY FURNISHED | UNIQUE | MUST SEE,Kempinski BLVD,,Downtown Dubai,Dubai,Apartment,4,5,2901,YES,750000,903614,17,yearly,Alexander Roberts,White & Co Real Estate,,2026-07-08T12:49:24Z,RL-178757,https://www.propertyfinder.ae/en/plp/rent/apartment-for-rent-dubai-downtown-dubai-kempinski-blvd-113272995.html
sale,Prime Location | Contemporary Luxury Living,Binghatti Starlight,Dubai Healthcare City 2,Al Jaddaf,Dubai,Apartment,studio,1,448,PARTLY,750000,903614,17,sell,Emre Gogebakan,LuxLiving Real Estate,,2026-07-13T12:20:58Z,LUL-S-15547,https://www.propertyfinder.ae/en/plp/buy/apartment-for-sale-dubai-al-jaddaf-dubai-healthcare-city-2-binghatti-starlight-115486089.html
sale,Studio Apt. | Luxury Investment | Binghatti Hills,Binghatti Hills Tower 1,Binghatti Hills,Dubai Science Park,Dubai,Apartment,studio,1,602,NO,700000,843373,17,sell,Raymond Habib,Nationwide Excellency Middle East Real Estate LLC,,2026-06-25T12:08:14Z,NAT-DXB-S-91782-A,https://www.propertyfinder.ae/en/plp/buy/apartment-for-sale-dubai-binghatti-hills-dubai-science-park-binghatti-hills-tower-1-107299140.html
sale,Best Priced | High-Demand | Excellent location,JLT Cluster Z,Golf Views Seven City,Jumeirah Lake Towers,Dubai,Apartment,studio,1,415,YES,515000,620482,17,sell,Faisal Contractor  ,REMAX ZAM,,2026-07-03T13:23:10Z,FC-001-OP-S-Studio,https://www.propertyfinder.ae/en/plp/buy/apartment-for-sale-dubai-jumeirah-lake-towers-jlt-cluster-z-golf-views-seven-city-110980536.html
rent,BURJ KHALIFA VIEW | VACANT | HIGH FLOOR,Downtown Views II Tower 3,Downtown Views II,Zabeel,Dubai,Apartment,4,6,2523,YES,500000,602410,17,yearly,Farid Sepieh,LICORNE REAL ESTATE,,2026-08-01T09:30:00Z,71262440823-LicorneRent,https://www.propertyfinder.ae/en/plp/rent/apartment-for-rent-dubai-zabeel-zabeel-2-downtown-views-ii-downtown-views-ii-tower-3-124273900.html
rent,Best price | Exclusive  | 4 BR + Maids,Crest Grande,Sobha Hartland,Mohammed Bin Rashid City,Dubai,Apartment,4,6,2353,NO,244999,295180,17,yearly, Surian Venathithan,White & Co Real Estate,,2026-07-21T12:10:02Z,RL-233006,https://www.propertyfinder.ae/en/plp/rent/apartment-for-rent-dubai-mohammed-bin-rashid-city-sobha-hartland-crest-grande-119043549.html
rent,Fully Furnished | Boulevard View  | Mid Floor,Boulevard Central Tower 2,Boulevard Central Towers,Downtown Dubai,Dubai,Apartment,1,2,781,YES,124999,150601,17,yearly,Sakshi Ghuman,Luxury Concierge Real Estate,,2026-07-31T08:57:04Z,LCRE-R-SAKSHI-002020,https://www.propertyfinder.ae/en/plp/rent/apartment-for-rent-dubai-downtown-dubai-boulevard-central-towers-boulevard-central-tower-2-123824621.html
sale,Resort-Like Beachfront Villa on Palm Jumeirah,Maurya,Taj Grandeur Residences,Palm Jumeirah,Dubai,Villa,5,7+,11573,NO,29000000,34523810,16,sell,Stephan Hirzel,Dubai Sotheby's International Realty,,2026-07-06T07:58:56Z,UAE-S-60364,https://www.propertyfinder.ae/en/plp/buy/villa-for-sale-dubai-palm-jumeirah-the-crescent-taj-grandeur-residences-maurya-112281426.html
sale,Exclusive | 5 Bedroom | Fully Renovated,Maurya,Taj Grandeur Residences,Palm Jumeirah,Dubai,Villa,5,7,5290,YES,29000000,34523810,16,sell,Barbora Marcinkova,Allsopp & Allsopp Private Office,,2026-06-11T06:37:12Z,L-263783,https://www.propertyfinder.ae/en/plp/buy/villa-for-sale-dubai-palm-jumeirah-the-crescent-taj-grandeur-residences-maurya-101257545.html
sale,Corner Villa | Luxury Lifestyle | 20077 Sqft Plot,The Farmhouses,The Farmhouses,Damac Hills 2,Dubai,Villa,6,7+,20078,NO,16000000,19047619,16,sell,Jagbir Singh,Throne Properties,,2026-07-22T12:10:36Z,D2-FARMHOUSE_2-JAG2026,https://www.propertyfinder.ae/en/plp/buy/villa-for-sale-dubai-damac-hills-2-the-farmhouses-119731557.html
sale,FULLY FURNISHED | DUPLEX PLUS MAIDS | PRIVATE POOL,Opalz By Danube Tower 1,Opalz by Danube,Dubai Science Park,Dubai,Apartment,3,3,2488,YES,2929999,3488094,16,sell,Maher Osama Hamwda,ELITE VENTURE PROPERTIES L.L.C,,2026-07-29T05:45:05Z,MH_OPALZTOWER1_3BHK---,https://www.propertyfinder.ae/en/plp/buy/apartment-for-sale-dubai-dubai-science-park-opalz-by-danube-tower-1-122898659.html
rent,Furnished | 4BR+Maids | Vacant | Downtown View,Kempinski BLVD,,Downtown Dubai,Dubai,Penthouse,4,5,2901,YES,750000,892857,16,yearly,Huzefa Ali,LUXURY ONE REAL ESTATE L.L.C,,2026-07-29T14:15:36Z,ADDRESSBLVD-890K-MAYS2,https://www.propertyfinder.ae/en/plp/rent/penthouse-for-rent-dubai-downtown-dubai-kempinski-blvd-122932882.html
sale,Prime Investment | Modern Living | Best Deal,Binghatti Hillviews,Binghatti Hillviews,Dubai Science Park,Dubai,Apartment,studio,1,460,NO,670000,797619,16,sell,Milan Stankovic,Driven Properties,,2026-07-08T08:45:46Z,DP-S-62378,https://www.propertyfinder.ae/en/plp/buy/apartment-for-sale-dubai-dubai-science-park-binghatti-hillviews-113251260.html
sale,Studio | Lagoon View | Next to Metro | Mid Floor,Azizi Venice 13 Building B,Azizi Venice 13,Dubai South (Dubai World Central),Dubai,Apartment,studio,1,380,PARTLY,590000,702381,16,sell,Mayda Marashlian,Linda's Real Estate,,2026-06-19T13:12:07Z,LRE-S-230167,https://www.propertyfinder.ae/en/plp/buy/apartment-for-sale-dubai-dubai-south-dubai-world-central-azizi-venice-azizi-venice-13-azizi-venice-13-building-b-104695659.html
sale,Studio | Lagoon View | Mid Floor | Modern | Bright,Azizi Venice 14 Building G,Azizi Venice 14,Dubai South (Dubai World Central),Dubai,Apartment,studio,1,365,NO,590000,702381,16,sell,Mayda Marashlian,Linda's Real Estate,,2026-06-09T12:54:23Z,LRE-S-230164,https://www.propertyfinder.ae/en/plp/buy/apartment-for-sale-dubai-dubai-south-dubai-world-central-azizi-venice-azizi-venice-14-azizi-venice-14-building-g-100415833.html
sale,Genuine Resale | Vacant | Motivated Seller,Janayen Avenue Block A,Janayen Avenue,Mirdif,Dubai,Apartment,3,4,2861,NO,2799999,3294116,15,sell,Sviatlana Khodan,Driven Properties,,2026-07-20T10:48:21Z,DPF-S-54998,https://www.propertyfinder.ae/en/plp/buy/apartment-for-sale-dubai-mirdif-mirdif-hills-janayen-avenue-janayen-avenue-block-a-118587079.html
sale,4 Bed - Good Location - Motivated Seller 75/25,Bali at Damac Islands,,DAMAC Islands,Dubai,Townhouse,4,4,1550,NO,2050000,2411765,15,sell,Ahmed Mustafa,INDEPENDENT LIFE REAL ESTATE BROKERAGE L.L.C,,2026-05-25T07:14:19Z,12345ABCDE,https://www.propertyfinder.ae/en/plp/buy/townhouse-for-sale-dubai-damac-islands-bali-at-damac-islands-93995087.html
sale,Bright Studio | Amazing Marina Views | Tenanted,Bay Central Tower West,Bay Central,Dubai Marina,Dubai,Apartment,studio,1,445,NO,1100000,1294118,15,sell,Nick Black,Exclusive Links Real Estate Brokers - Marina Branch,,2026-06-23T08:21:38Z,NBDM-S-064457,https://www.propertyfinder.ae/en/plp/buy/apartment-for-sale-dubai-dubai-marina-bay-central-bay-central-tower-west-106398055.html
sale,Top floor | top location | top investment,Binghatti Ghost,Dubai Healthcare City 2,Al Jaddaf,Dubai,Apartment,studio,1,435,NO,849999,999999,15,sell,Carina Janette Fritzmann,Driven Properties,,2026-07-23T07:48:56Z,DPF-S-55376,https://www.propertyfinder.ae/en/plp/buy/apartment-for-sale-dubai-al-jaddaf-dubai-healthcare-city-2-binghatti-ghost-120163975.html
sale,HIGH DEMAND STUDIO | 2027 HANDOVER | BEST DEAL,Binghatti Skyflame 2,Binghatti Skyflame,Majan,Dubai,Apartment,studio,1,401,PARTLY,560000,658824,15,sell,Ahtasham Ulhaq,NOUBA REAL ESTATE L.L.C,,2026-07-15T07:27:24Z,SALE-BSKF-OP124,https://www.propertyfinder.ae/en/plp/buy/apartment-for-sale-dubai-majan-binghatti-skyflame-binghatti-skyflame-2-116355741.html
sale,Luxury Upgraded | Prime Location | Biggest Layout,Carson C,Carson,Damac Hills,Dubai,Apartment,studio,1,406,YES,550000,647059,15,sell,Angele Baude,Property Solvers Real Estate Brokers,,2026-07-04T10:29:02Z,PSRE-S-2388,https://www.propertyfinder.ae/en/plp/buy/apartment-for-sale-dubai-damac-hills-carson-carson-c-111413867.html
rent,Marina Sea Views | Duplex | Upgraded,Horizon Tower,,Dubai Marina,Dubai,Apartment,4,4,3584,YES,230000,270588,15,yearly,Muhammad Bilal,Creative Homes Real Estate Broker LLC,,2026-07-10T10:21:07Z,DZ4APJS5VY4HMN9QWSZMAQECZW,https://www.propertyfinder.ae/en/plp/rent/apartment-for-rent-dubai-dubai-marina-horizon-tower-114162798.html
rent,Vacant|Higher Floor with Lake and Panoramic Views,Goldcrest Views 1,JLT Cluster V,Jumeirah Lake Towers,Dubai,Apartment,4,5,2366,NO,170000,200000,15,yearly,Natalia Lyubimova,Artemis Real Estate,,2026-07-24T11:58:26Z,Artem-R-110483,https://www.propertyfinder.ae/en/plp/rent/apartment-for-rent-dubai-jumeirah-lake-towers-jlt-cluster-v-goldcrest-views-1-120660831.html
rent,View Today | Fully Furnished | Premium Building,Ellington House 1,Ellington House,Dubai Hills Estate,Dubai,Apartment,1,2,866,NO,145000,170588,15,yearly,George Evans,Strada,,2026-07-31T13:21:30Z,L-185891,https://www.propertyfinder.ae/en/plp/rent/apartment-for-rent-dubai-dubai-hills-estate-ellington-house-ellington-house-1-123838208.html
rent,Balcony | Vacant | Spacious | Exclusive,The Pulse,The Pulse Residence,Dubai South (Dubai World Central),Dubai,Apartment,1,2,751,NO,54999,64705,15,yearly,Muhammad Fahad Afzal,Nexus Properties,,2026-08-05T08:30:05Z,NEXUS-R-9242,https://www.propertyfinder.ae/en/plp/rent/apartment-for-rent-dubai-dubai-south-dubai-world-central-the-pulse-the-pulse-residence-126091213.html
sale,6BR Luxury Upgraded Corner Villa | Fully Furnished,Aseel,Aseel,Arabian Ranches,Dubai,Villa,6,7+,8007,YES,13800000,16046512,14,sell,Sehban Sawani,Sawani Properties,,2026-05-15T14:15:22Z,431-Vl-S-0406,https://www.propertyfinder.ae/en/plp/buy/villa-for-sale-dubai-arabian-ranches-aseel-89647082.html
sale,Huge Corner Plot | Landscape+Pool | Vacant,Meadows 9,,Meadows,Dubai,Villa,4,4,8374,NO,12500000,14534884,14,sell,Paul Robinson,haus & haus,,2026-07-27T07:44:56Z,DUB214521,https://www.propertyfinder.ae/en/plp/buy/villa-for-sale-dubai-meadows-meadows-9-121980303.html
sale,Luxury Mansion | Lagoon Views | Mortgageable,Residential District,South Bay 1,Dubai South (Dubai World Central),Dubai,Villa,5,7,7233,NO,12500000,14534884,14,sell,Kieran Francis Edginton,Gold Mark Real Estate,,2026-07-14T11:38:13Z,GMR-24422,https://www.propertyfinder.ae/en/plp/buy/villa-for-sale-dubai-dubai-south-dubai-world-central-residential-district-south-bay-south-bay-1-115928630.html
sale,NEGOTIABLE I LOW FLOOR I SEA VIEW,Bluewaters Residences Building 3,Bluewaters Residences,Bluewaters,Dubai,Apartment,2,3,1463,YES,8550000,9941860,14,sell,Anna Salaeva,ALMA REY REAL ESTATE,,2026-08-04T10:52:25Z,81SAMC0EAC9YVAMWP23B0FYPFR,https://www.propertyfinder.ae/en/plp/buy/apartment-for-sale-dubai-bluewaters-bluewaters-residences-bluewaters-residences-building-3-125641941.html
sale,Lagoon Facing | Single Row | Largest Plot,Park Greens,Park Greens,Damac Hills 2,Dubai,Villa,5,6,2580,NO,3099000,3603488,14,sell,Ray  Khadem,D&B Properties,,2026-06-29T13:22:10Z,DB-S-64513,https://www.propertyfinder.ae/en/plp/buy/villa-for-sale-dubai-damac-hills-2-park-greens-109054515.html
sale,Below Market Price || Investor Deal || 3BR+Maid,Ruba,Ruba,Arabian Ranches 3,Dubai,Villa,3,4,1559,NO,3000000,3488372,14,sell,Muhammad Soman Imtiaz Malik Imtiaz Khalid ,Throne Properties,,2026-07-18T08:22:51Z,Muq033-v-sell,https://www.propertyfinder.ae/en/plp/buy/villa-for-sale-dubai-arabian-ranches-3-ruba-117699262.html
sale,Modern Layout | Spacious Unit | Handover Soon,Berkshire Park,Berkshire Park,Town Square,Dubai,Apartment,3,3,1860,NO,2999999,3488371,14,sell,Nahid Ghabriss,Driven Properties,,2026-07-23T08:44:23Z,DPF-S-55484,https://www.propertyfinder.ae/en/plp/buy/apartment-for-sale-dubai-town-square-berkshire-park-120166044.html
sale,Partial Marina View | Designer Smart Home,Marina Residence A,Marina Residence,Dubai Marina,Dubai,Apartment,4,5,1613,YES,2499000,2905814,14,sell,Kristina Skalicka,LuxuryProperty.com,,2026-07-24T04:13:06Z,LP49622,https://www.propertyfinder.ae/en/plp/buy/apartment-for-sale-dubai-dubai-marina-marina-residence-marina-residence-a-120636502.html
sale,Below Original Price | Investor Deal | Canal View,Azizi Riviera Reve Tower 3,Azizi Riviera Reve,Meydan,Dubai,Apartment,studio,1,452,NO,1080000,1255814,14,sell,Edita Hortova,fam Properties - Branch 6,,2026-07-08T06:17:46Z,PF-ljRu-AS-174674,https://www.propertyfinder.ae/en/plp/buy/apartment-for-sale-dubai-meydan-meydan-one-azizi-riviera-azizi-riviera-reve-azizi-riviera-reve-tower-3-113242873.html
sale,Stylish and Unique Apartment | Community View,Bay Square Building 9,Bay Square,Business Bay,Dubai,Apartment,studio,1,705,YES,1050000,1220930,14,sell,Nahid Ghabriss,Driven Properties,,2026-07-20T10:52:24Z,DPF-S-54781,https://www.propertyfinder.ae/en/plp/buy/apartment-for-sale-dubai-business-bay-bay-square-bay-square-building-9-118587355.html
sale,GREAT INVESTMENT OPPORTUNITY |BULK UNITS AVAILABLE,Dukes The Palm,,Palm Jumeirah,Dubai,Apartment,studio,1,479,NO,950000,1104651,14,sell,Jake Kelsall,Williams International Real Estate,,2026-06-30T08:08:57Z,AP31093-2,https://www.propertyfinder.ae/en/plp/buy/apartment-for-sale-dubai-palm-jumeirah-dukes-the-palm-109481788.html
sale,Furnished | Bright + Spacious | Vacant,MAG 318,,Business Bay,Dubai,Apartment,studio,1,446,YES,950000,1104651,14,sell,Samuel  Wiltermood,White & Co Real Estate,,2026-06-25T07:24:18Z,RL-55511,https://www.propertyfinder.ae/en/plp/buy/apartment-for-sale-dubai-business-bay-mag-318-107276394.html
sale,BEST INVESTMENT | HIGH ROI | WELL PRICED,The One at Jumeirah Village Triangle,,Jumeirah Village Triangle,Dubai,Apartment,studio,1,311,YES,900000,1046512,14,sell,Abbey Kigundu,LUXSQUARE REAL ESTATE,,2026-07-22T08:13:39Z,LRE-S-2492,https://www.propertyfinder.ae/en/plp/buy/apartment-for-sale-dubai-jumeirah-village-triangle-the-one-at-jumeirah-village-triangle-119484102.html
sale,Studio Apt | Signature Design | Binghatti Ghost,Binghatti Ghost,Dubai Healthcare City 2,Al Jaddaf,Dubai,Apartment,studio,1,448,NO,725000,843023,14,sell,Raymond Habib,Nationwide Excellency Middle East Real Estate LLC,,2026-06-25T10:04:16Z,NAT-DXB-S-91781-A,https://www.propertyfinder.ae/en/plp/buy/apartment-for-sale-dubai-al-jaddaf-dubai-healthcare-city-2-binghatti-ghost-107289501.html
sale,High Floor | Fully Furnished | w/Balcony | MAG,MAG 330,,City of Arabia,Dubai,Apartment,studio,1,590,YES,615000,715116,14,sell,Brian Wanzama,Union Square House Real Estate,,2026-07-28T13:37:57Z,4GDX7V7GWGA9DE039F1BJ3Z8C0,https://www.propertyfinder.ae/en/plp/buy/apartment-for-sale-dubai-city-of-arabia-mag-330-122468910.html
sale,Furnished Studio | Private Pool | Distress Deal,Opalz By Danube Tower 2,Opalz by Danube,Dubai Science Park,Dubai,Apartment,studio,1,663,YES,615000,715116,14,sell,Zohaib  Arshad,Alarfeen Real Estate,,2026-07-06T15:46:28Z,P5FXEN6562K5V9NV95GSE21DER,https://www.propertyfinder.ae/en/plp/buy/apartment-for-sale-dubai-dubai-science-park-opalz-by-danube-tower-2-112315009.html
rent,Upgraded | Fully Furnished | Burj Al Arab View,Jadeel 2,Madinat Jumeirah Living,Umm Suqeim,Dubai,Penthouse,4,5,2386,YES,600000,697674,14,yearly,Simon Arciuch,Dacha Real Estate,,2026-06-10T12:44:28Z,DREL-9971,https://www.propertyfinder.ae/en/plp/rent/penthouse-for-rent-dubai-umm-suqeim-umm-suqeim-3-madinat-jumeirah-living-jadeel-2-100852113.html
sale,Premium Studio | Great Location | Handover Soon,Cove Edition 2 by Imtiaz,,Dubai Land Residence Complex,Dubai,Apartment,studio,1,419,YES,550000,639535,14,sell,Armen Arzakantsyan,DGS Real Estate,,2026-07-08T13:40:02Z,DGS-CoveEdition2,https://www.propertyfinder.ae/en/plp/buy/apartment-for-sale-dubai-dubai-land-residence-complex-cove-edition-2-by-imtiaz-113276943.html
rent,Luxurious 4 Br Apartment | Sea View | High Floor,Marina Crown,,Dubai Marina,Dubai,Apartment,4,5,3023,NO,240000,279070,14,yearly,Falak Sher,Foot Print Real Estate - Branch,,2026-06-27T08:41:36Z,107683-1c7vM1,https://www.propertyfinder.ae/en/plp/rent/apartment-for-rent-dubai-dubai-marina-marina-crown-108171042.html
rent,Skyline Views | Luxury Living | Vacant,Marina Mansions,,Dubai Marina,Dubai,Apartment,4,5,3070,NO,215000,250000,14,yearly,Muhammad Bilal,Creative Homes Real Estate Broker LLC,,2026-07-10T07:56:48Z,Y0K1RYDH9JNB04EMCXDRTECR24,https://www.propertyfinder.ae/en/plp/rent/apartment-for-rent-dubai-dubai-marina-marina-mansions-114153298.html
rent,3BR | Private Yard | Community Views | Jebel Ali,Jebel Ali Village,Jebel Ali Village Townhouses,Jebel Ali,Dubai,Townhouse,3,4,2516,NO,214999,249999,14,yearly,Kunal Kukreja,Union Square House Real Estate,,2026-08-04T07:59:03Z,PF-4799-t9dDTT,https://www.propertyfinder.ae/en/plp/rent/townhouse-for-rent-dubai-jebel-ali-jebel-ali-village-jebel-ali-village-townhouses-125623983.html
sale,Luxury Beachfront Villa | Frond E | Palm Sale,Garden Homes Frond E,Garden Homes,Palm Jumeirah,Dubai,Villa,4,5,6698,YES,65000000,74712644,13,sell,Abdul Kadir Fazal ,ERE Homes,,2026-07-24T15:09:25Z,EH-PF-5456,https://www.propertyfinder.ae/en/plp/buy/villa-for-sale-dubai-palm-jumeirah-garden-homes-garden-homes-frond-e-120671337.html
sale,HOT DEAL | Waterfront | Exclusive | Fully Upgraded,Elysian Mansions,Elysian Mansions,Tilal Al Ghaf,Dubai,Villa,6,7+,15069,NO,47000000,54022989,13,sell,Sulaman Qusam,KEVO LIVING REAL ESTATE L.L.C,,2026-07-24T14:15:46Z,NDENF5ZXZ7MQKTQ5TT8PMR5ZSG,https://www.propertyfinder.ae/en/plp/buy/villa-for-sale-dubai-tilal-al-ghaf-elysian-mansions-120669290.html
sale,Distress Deal | OP Price | 5BR Palace Villa,,,The Oasis by Emaar,Dubai,Villa,5,7+,8267,PARTLY,14557888,16733205,13,sell,Yining Liu,Unlimited potential real estate l.l.c,,2026-05-15T06:16:08Z,577VZWQTP1MTQ5M7PBSTDH0TCC,https://www.propertyfinder.ae/en/plp/buy/villa-for-sale-dubai-the-oasis-by-emaar-89618091.html
sale,Duplex Penthouse | Vacant Soon | Luxury,Marina Gate 1,Marina Gate,Dubai Marina,Dubai,Apartment,4,4,3307,YES,9990000,11482759,13,sell,Sam McCone,McCone Properties,,2026-07-24T12:15:49Z,MCC-S-75406-2,https://www.propertyfinder.ae/en/plp/buy/apartment-for-sale-dubai-dubai-marina-marina-gate-marina-gate-1-120662172.html
sale,Luxury 4BR Sidra Villa | Vacant & Ready to Move,Sidra Villas,Sidra Villas I,Dubai Hills Estate,Dubai,Villa,4,4,4757,YES,8500000,9770115,13,sell,Timothy Ramseyer,LUXVANT PROPERTIES,,2026-06-05T07:46:45Z,SIDRA-1,https://www.propertyfinder.ae/en/plp/buy/villa-for-sale-dubai-dubai-hills-estate-sidra-villas-sidra-villas-i-98682185.html
sale,High Floor | 4 Bed + Maid | Rare Murjan Layout,Murjan 5,Murjan,Jumeirah Beach Residence,Dubai,Apartment,4,5,2911,NO,4800000,5517241,13,sell,Casey Mills,betterhomes - Dubai Marina,,2026-06-11T12:01:56Z,BH-S-230471,https://www.propertyfinder.ae/en/plp/buy/apartment-for-sale-dubai-jumeirah-beach-residence-murjan-murjan-5-101283180.html
sale,Prime Standalone | Luxury | Motivated Seller,Athlon by Aldar,Leon at Athlon,Dubai Land,Dubai,Villa,3,4,3480,NO,4800000,5517241,13,sell,Lin Zhou,Savills Dubai,,2026-06-22T05:41:35Z,VI47620,https://www.propertyfinder.ae/en/plp/buy/villa-for-sale-dubai-dubai-land-athlon-by-aldar-leon-at-athlon-105950309.html
sale,Burj Al Arab Views | Elegant | Vacant | Negotiable,Lamtara 3,Madinat Jumeirah Living,Umm Suqeim,Dubai,Apartment,2,2,1357,YES,4200000,4827586,13,sell,Isma Bouzinou,Driven Properties,,2026-07-30T08:20:19Z,DPF-S-55967,https://www.propertyfinder.ae/en/plp/buy/apartment-for-sale-dubai-umm-suqeim-umm-suqeim-3-madinat-jumeirah-living-lamtara-3-123364512.html
sale,Open To Negotiation | Geniune Resale | Rented,Elite Business Bay Residence,,Business Bay,Dubai,Apartment,4,5,2189,YES,2800000,3218391,13,sell,Qianqian Deng  Deng,KIRIN NOVA REAL ESTATE L.L.C S.O.C,,2026-07-14T07:36:28Z,QD#EBBR-2BR,https://www.propertyfinder.ae/en/plp/buy/apartment-for-sale-dubai-business-bay-elite-business-bay-residence-115911242.html
rent,Penthouse For Rent I Full Burj Khalifa View,The Address Residences Dubai Opera Tower 2,The Address Residences Dubai Opera,Downtown Dubai,Dubai,Apartment,4,3,6967,YES,2000000,2298851,13,yearly,Anastasiia Vertiagina,Intrust Real Estate LLC,,2026-05-14T06:40:07Z,ZWXAHNXYJFVXEQQ9ZJ28SJV1ZG,https://www.propertyfinder.ae/en/plp/rent/apartment-for-rent-dubai-downtown-dubai-the-address-residences-dubai-opera-the-address-residences-dubai-opera-tower-2-89177425.html
sale,4BR Villa | Bali 2 | Lagoon & Park Views | Resort,Bali at Damac Islands,,DAMAC Islands,Dubai,Townhouse,4,5,1550,NO,1980000,2275862,13,sell,Priyanka Sharma,HABSTONE HOMES REAL ESTATE,,2026-06-30T12:02:44Z,TA-BALI-TH4-,https://www.propertyfinder.ae/en/plp/buy/townhouse-for-sale-dubai-damac-islands-bali-at-damac-islands-109502265.html
sale,OP + DLD | Fully Furnished | Marina View,Rove Home Dubai Marina,Rove Home Dubai Marina,Dubai Marina,Dubai,Apartment,studio,1,435,YES,1400000,1609195,13,sell,Aye Yadana Aung,Pangea Properties,,2026-07-14T13:05:05Z,PAN-20605,https://www.propertyfinder.ae/en/plp/buy/apartment-for-sale-dubai-dubai-marina-rove-home-dubai-marina-115934259.html
sale,High Floor | Canal View | Fully Furnished,Trillionaire Residences,,Business Bay,Dubai,Apartment,studio,1,530,YES,1300000,1494253,13,sell,Harry Howlett,XO,,2026-06-23T12:54:12Z,XO-24107,https://www.propertyfinder.ae/en/plp/buy/apartment-for-sale-dubai-business-bay-trillionaire-residences-106420420.html
sale,Furnished Luxury Studio | Canal View | High Floor,Trillionaire Residences,,Business Bay,Dubai,Apartment,studio,1,530,YES,1300000,1494253,13,sell,Yesim Gulec,EVALIS REAL ESTATE L.L.C,,2026-05-22T17:49:18Z,MFC3HBJCDNNTVVJR5SAMGMV07R,https://www.propertyfinder.ae/en/plp/buy/apartment-for-sale-dubai-business-bay-trillionaire-residences-92726974.html
sale,Luxury Investment | Large Studio | Stylish,Binghatti Hills Tower 1,Binghatti Hills,Dubai Science Park,Dubai,Apartment,studio,1,462,PARTLY,750000,862069,13,sell,Khaled Zeidan,Nawi Properties LLC,,2026-07-22T10:06:38Z,NA0000000429,https://www.propertyfinder.ae/en/plp/buy/apartment-for-sale-dubai-binghatti-hills-dubai-science-park-binghatti-hills-tower-1-119724289.html
sale,High ROI | PRIME LOCATION | INVESTOR DEAL,Aykon City Tower B,Aykon City,Business Bay,Dubai,Apartment,studio,1,427,YES,700000,804598,13,sell,Mariam Awad,Homes 4 Life Real Estate - 71,,2026-07-15T10:54:52Z,H4L-3626200,https://www.propertyfinder.ae/en/plp/buy/apartment-for-sale-dubai-business-bay-aykon-city-aykon-city-tower-b-116369124.html
sale,Luxury Studio | Golf Views | High ROI,Samana Golf Views,,Dubai Sports City,Dubai,Apartment,studio,1,407,NO,700000,804598,13,sell,Rizwan Fancy,Wellington Home Real Estate,,2026-07-09T12:13:06Z,Welli-S-109746,https://www.propertyfinder.ae/en/plp/buy/apartment-for-sale-dubai-dubai-sports-city-samana-golf-views-113723477.html
sale,LUXURY STUDIO | LAGOON VIEW | FLEXIBLE PAYMENTPLAN,Azizi Venice 15 Building B,Azizi Venice 15,Dubai South (Dubai World Central),Dubai,Apartment,studio,1,381,NO,699999,804597,13,sell,Himanshu Deepak Daswani,Homes 4 Life Real Estate LLC,,2026-07-22T11:37:35Z,H4L-3626504,https://www.propertyfinder.ae/en/plp/buy/apartment-for-sale-dubai-dubai-south-dubai-world-central-azizi-venice-azizi-venice-15-azizi-venice-15-building-b-119729628.html
sale,INVESTOR DEAL | NEAR TO COMPLETE  | PARK VIEW,District 13,Q Gardens Lofts,Jumeirah Village Circle,Dubai,Apartment,studio,1,427,YES,650000,747126,13,sell,Ahsan Nawaz,Stone Bridge Real Estate,,2026-05-25T13:32:14Z,STB-S-2714,https://www.propertyfinder.ae/en/plp/buy/apartment-for-sale-dubai-jumeirah-village-circle-district-13-q-gardens-lofts-94022418.html
sale,Italian Luxury Studio | Arjan | PHPP | 2027 Q2,Vincitore Dolce Vita,,Arjan,Dubai,Apartment,studio,1,365,YES,610000,701149,13,sell,Amir Abbaszadeh,Springfield Real Estate,,2026-07-22T08:50:41Z,SP-S-6804,https://www.propertyfinder.ae/en/plp/buy/apartment-for-sale-dubai-arjan-vincitore-dolce-vita-119486937.html
rent,4bed+Maid | Bright | Spacious Layout,Crest Grande,Sobha Hartland,Mohammed Bin Rashid City,Dubai,Apartment,4,6,2219,PARTLY,260000,298851,13,yearly,Ahamed Azeez,ROYAL ESTATES L.L.C,,2026-05-25T09:00:27Z,HAAM-AEXS-CRES-4,https://www.propertyfinder.ae/en/plp/rent/apartment-for-rent-dubai-mohammed-bin-rashid-city-sobha-hartland-crest-grande-94003361.html
rent,Brand New | With Private Pool | 4BHK Duplex,The Double,International City Phase 2,Al Warsan,Dubai,Apartment,4,4,3078,NO,170000,195402,13,yearly,Mansoor Khan Farman Ali,D I O SKY REAL ESTATE BROKERAGE L.L.C,,2026-06-15T10:10:36Z,warsan7_mansoor-PF-1,https://www.propertyfinder.ae/en/plp/rent/apartment-for-rent-dubai-al-warsan-al-warsan-4-international-city-phase-2-the-double-102829315.html
rent,Fully furnished |Highest floor |1bed|Chiller free,Sobha Creek Vistas Tower B,Sobha Hartland,Mohammed Bin Rashid City,Dubai,Apartment,1,1,490,YES,70000,80460,13,yearly,Mrudula Daphne Luis,Aeon & Trisl Real Estate Brokers,,2026-08-04T12:47:26Z,Portal-AT-404070,https://www.propertyfinder.ae/en/plp/rent/apartment-for-rent-dubai-mohammed-bin-rashid-city-sobha-hartland-sobha-creek-vistas-tower-b-125651692.html
rent,Unfurnished | Negotiable | Vacant,Escan Tower,,Dubai Marina,Dubai,Apartment,1,1,756,NO,69999,80459,13,yearly,Tamara Guzel,McCone Properties,,2026-08-05T07:17:46Z,MCC-R-76697,https://www.propertyfinder.ae/en/plp/rent/apartment-for-rent-dubai-dubai-marina-escan-tower-126086647.html
rent,"Vacant, Spacious! Available!",The Torch,,Dubai Marina,Dubai,Apartment,1,2,978,NO,69997,80456,13,yearly,ILLIA BILYK (S),Sumy Real Estate,,2026-08-04T14:11:56Z,ECPCQGHH1TJZQD9CMKR17Z7VSC,https://www.propertyfinder.ae/en/plp/rent/apartment-for-rent-dubai-dubai-marina-the-torch-125657835.html
sale,Prime Location | Ultra-Luxury | Spacious Living,Serenity Mansions,Serenity Mansions,Tilal Al Ghaf,Dubai,Villa,6,7,10033,NO,35430500,40261932,12,sell,Khaled El Sherif,K ESTATES,,2026-06-09T11:36:31Z,S-KHA-7823101,https://www.propertyfinder.ae/en/plp/buy/villa-for-sale-dubai-tilal-al-ghaf-serenity-mansions-100410552.html
sale,Ultra-Luxury | Spacious | Prime Lagoon Living,Serenity Mansions,Serenity Mansions,Tilal Al Ghaf,Dubai,Villa,6,7,10033,NO,35000000,39772727,12,sell,Khaled El Sherif,K ESTATES,,2026-06-10T06:54:23Z,S-KHA-781412,https://www.propertyfinder.ae/en/plp/buy/villa-for-sale-dubai-tilal-al-ghaf-serenity-mansions-100824674.html
sale,Single Row | Vacant Now | Furnished,Nad Al Sheba 1,Nad Al Sheba Gardens 1,Nad Al Sheba,Dubai,Villa,5,6,5004,YES,11000000,12500000,12,sell,Millicent Jenner,Allsopp & Allsopp -Business Bay,,2026-07-14T05:55:14Z,L-305158,https://www.propertyfinder.ae/en/plp/buy/villa-for-sale-dubai-nad-al-sheba-nad-al-sheba-1-nad-al-sheba-gardens-nad-al-sheba-gardens-1-115908724.html
sale,Vastu North East Facing *Just Pay 5 Million Now,Sobha Elwood,Sobha Elwood,Dubai Land,Dubai,Villa,4,7,6190,NO,9100000,10340909,12,sell,Nisha Shetty,Positive Properties,,2026-07-03T11:46:47Z,Posit-S-107245,https://www.propertyfinder.ae/en/plp/buy/villa-for-sale-dubai-dubai-land-sobha-elwood-110973331.html
sale,Genuine Re-Sale | Premium Park-Facing 4BR Villa,Sobha Elwood,Sobha Elwood,Dubai Land,Dubai,Villa,4,5,6190,NO,9100000,10340909,12,sell,Muhammad Saad Shafkat,Aeon & Trisl Real Estate Brokers,,2026-06-11T08:35:58Z,Portal-AT-403333,https://www.propertyfinder.ae/en/plp/buy/villa-for-sale-dubai-dubai-land-sobha-elwood-101266141.html
sale,Single Row Corner Unit | Vastu | Upgraded Garden,Murooj Al Furjan West,Murooj Al Furjan,Al Furjan,Dubai,Townhouse,4,5,3875,NO,5299990,6022716,12,sell,Honey  Verma,Hamptons International - Primary 2,,2026-07-14T12:50:44Z,HI-S-013161,https://www.propertyfinder.ae/en/plp/buy/townhouse-for-sale-dubai-al-furjan-murooj-al-furjan-murooj-al-furjan-west-115933329.html
sale,5BR+Maid | Corner | Single Row | Genuine Resale,Morocco,Morocco,Damac Lagoons,Dubai,Townhouse,5,6,2301,NO,5000000,5681818,12,sell,Ahmed Almustafa Mohamed Ahmed Abdallh,KAYAN HOME REAL ESTATE L.L.C,,2026-07-10T06:26:11Z,KVG53YJ14JJW22SJT6PNMZ2EVC,https://www.propertyfinder.ae/en/plp/buy/townhouse-for-sale-dubai-damac-lagoons-morocco-114150612.html
sale,Luxury Villa | Motivated Seller | Prime Location,Rivera at the Valley,Rivera at the Valley,The Valley,Dubai,Villa,4,5,3999,NO,4300000,4886364,12,sell,Mohamed Nasr Mohamed Aboushousha,MAB DEVELOP PROJECT DEVELOPMENT CONSULTANT CO. L.L.C,,2026-07-01T12:29:59Z,Yaseen-Sale-01,https://www.propertyfinder.ae/en/plp/buy/villa-for-sale-dubai-the-valley-rivera-at-the-valley-110071667.html
rent,Beach Living | Furnished | Panoramic Sea Views,Oceana Aegean,Oceana,Palm Jumeirah,Dubai,Penthouse,4,3,5354,YES,1590000,1806818,12,yearly,Maxime Simao,Driven Properties,,2026-06-18T12:41:56Z,DPF-R-44457,https://www.propertyfinder.ae/en/plp/rent/penthouse-for-rent-dubai-palm-jumeirah-oceana-oceana-aegean-104257759.html
sale,Motivated Seller | Prime Location | Modern Living,The Central Downtown D,The Central Downtown,Arjan,Dubai,Apartment,studio,1,475,NO,750000,852273,12,sell,Mohamed Nasr Mohamed Aboushousha,MAB DEVELOP PROJECT DEVELOPMENT CONSULTANT CO. L.L.C,,2026-05-13T11:14:29Z,Lena-Sale-16,https://www.propertyfinder.ae/en/plp/buy/apartment-for-sale-dubai-arjan-the-central-downtown-the-central-downtown-d-88753508.html
sale,Freehold | Exclusive | Vastu Compliant,District 11,Oakley Square Residences,Jumeirah Village Circle,Dubai,Apartment,studio,1,506,PARTLY,750000,852273,12,sell,Smeet R,ALAYAM REAL ESTATE L.L.C,,2026-05-13T08:16:02Z,Ap-S-OSR,https://www.propertyfinder.ae/en/plp/buy/apartment-for-sale-dubai-jumeirah-village-circle-district-11-oakley-square-residences-88738685.html
sale,Excellent Amenities | Bright | Luxury Finishes,Condor Golf Links 18,,Dubai Sports City,Dubai,Apartment,studio,1,386,NO,670000,761364,12,sell,Hammad Zaigham,fam Master Agency,,2026-07-08T06:52:25Z,PF-qYWF-AS-167324,https://www.propertyfinder.ae/en/plp/buy/apartment-for-sale-dubai-dubai-sports-city-condor-golf-links-18-113243509.html
sale,Private Pool | Investor Deal | Spacious Layout!!,Samana Portofino,,Dubai Production City (IMPZ),Dubai,Apartment,studio,1,465,NO,600000,681818,12,sell,Roy Joseph Abou Jaoude,THE AJS REALITY L.L.C,,2026-06-09T06:44:12Z,AJ-2026-003,https://www.propertyfinder.ae/en/plp/buy/apartment-for-sale-dubai-dubai-production-city-impz-samana-portofino-100386440.html
sale,Prime Studio | Modern Living in Azizi Riviera,Azizi Riviera 29,Azizi Riviera,Meydan,Dubai,Apartment,studio,1,327,NO,590000,670455,12,sell,Maryam Jamal,Assets Real Estate,,2026-07-16T07:59:47Z,7GN3D1JBTCG9NPX4K1G0533TAG,https://www.propertyfinder.ae/en/plp/buy/apartment-for-sale-dubai-meydan-meydan-one-azizi-riviera-azizi-riviera-29-116803171.html
sale,High Floor | Jvt | Furnished | Prime Location,Seslia Tower,District 4,Jumeirah Village Triangle,Dubai,Apartment,studio,1,405,YES,575000,653409,12,sell,Muhammed Al Tayar,fam Properties - Branch 14,,2026-07-30T11:43:26Z,PF-ISwN-AS-177952,https://www.propertyfinder.ae/en/plp/buy/apartment-for-sale-dubai-jumeirah-village-triangle-district-4-seslia-tower-123381680.html
sale,Elegant Studio | High ROI Potential | MAG 565,MAG 565,Mag 5 Boulevard,Dubai South (Dubai World Central),Dubai,Apartment,studio,1,410,PARTLY,530000,602273,12,sell,Seyed Hossein,TRUSTKEY REAL ESTATE L.L.C,,2026-06-20T11:37:54Z,Sheza-MAGBoulevard-Sale,https://www.propertyfinder.ae/en/plp/buy/apartment-for-sale-dubai-dubai-south-dubai-world-central-residential-district-mag-5-boulevard-mag-565-105120717.html
sale,BELOW OP | GENUINE RESALE | OPEN VIEWS,Azizi Milan 51,,City of Arabia,Dubai,Apartment,studio,1,337,NO,510000,579545,12,sell,Eugen-Iulian Serban,LIVRICHY REAL ESTATE BROKERAGE LLC,,2026-07-10T09:31:13Z,LIV-S-AZIZIMILAN-MN,https://www.propertyfinder.ae/en/plp/buy/apartment-for-sale-dubai-city-of-arabia-azizi-milan-51-114159543.html
sale,Upgraded | Close To Circle Mall | Ready To Move In,Fortunato,District 11,Jumeirah Village Circle,Dubai,Apartment,studio,1,425,YES,500000,568182,12,sell,Shahzad Anwar,betterhomes - Dubai Marina,,2026-06-16T11:51:55Z,AP586543-1,https://www.propertyfinder.ae/en/plp/buy/apartment-for-sale-dubai-jumeirah-village-circle-district-11-fortunato-103263464.html
rent,Full Sea Views | Upgraded | 4Bed+Maids | Available,Sadaf 8,Sadaf,Jumeirah Beach Residence,Dubai,Apartment,4,5,2827,NO,220000,250000,12,yearly,Adnan Hanif,Megapolis Real Estate,,2026-05-22T11:48:52Z,AA-3014,https://www.propertyfinder.ae/en/plp/rent/apartment-for-rent-dubai-jumeirah-beach-residence-sadaf-sadaf-8-92713067.html
rent,New 3BR+Maid | Burj Khalifa | Chiller Free VACANT,Forte 2,Forte,Downtown Dubai,Dubai,Apartment,3,3,1532,YES,212000,240909,12,yearly,Wahidullah Mohammad Halim,Property Solvers Real Estate Brokers,,2026-08-05T11:45:12Z,PSRE-R-2545,https://www.propertyfinder.ae/en/plp/rent/apartment-for-rent-dubai-downtown-dubai-forte-forte-2-126107800.html
rent,Spacious 4BR Apartment | Premium JBR Location,Sadaf 8,Sadaf,Jumeirah Beach Residence,Dubai,Apartment,4,5,2851,NO,195000,221591,12,yearly,Muhammad Talal Khan,Royal Home Real Estate,,2026-06-25T13:47:05Z,PL-28398126,https://www.propertyfinder.ae/en/plp/rent/apartment-for-rent-dubai-jumeirah-beach-residence-sadaf-sadaf-8-107308714.html
rent,Luxury Family Size | Spacious Layout | Water Front,The Crest Tower A,The Crest,Mohammed Bin Rashid City,Dubai,Apartment,3,5,1568,NO,185000,210227,12,yearly,Arsen Gasparyan,McCone Properties,,2026-08-02T05:16:20Z,MCC-R-50596-17,https://www.propertyfinder.ae/en/plp/rent/apartment-for-rent-dubai-mohammed-bin-rashid-city-sobha-hartland-the-crest-the-crest-tower-a-124711568.html
rent,3BHK+Maid | 3 Parking | Private Pool | Lux Living,Gemz by Danube,,Al Furjan,Dubai,Duplex,3,4,2158,YES,150000,170455,12,yearly,Zeeshan Ali,RISING GATES PROPERTIES,,2026-07-03T19:39:00Z,V4C5K1H70MA3M4FJMQNH6YQCTR,https://www.propertyfinder.ae/en/plp/rent/duplex-for-rent-dubai-al-furjan-gemz-by-danube-110990931.html
rent,Brand New | Call | Park View | Maids | Pvt Pool,48 Parkside,,Arjan,Dubai,Apartment,3,3,1525,PARTLY,149799,170226,12,yearly,Muhammad Ali Farooq ,Starwood Properties,,2026-08-03T11:33:38Z,std-pool-new-48,https://www.propertyfinder.ae/en/plp/rent/apartment-for-rent-dubai-arjan-48-parkside-125175245.html
sale,Available Whole Building | High ROI,Building 210,Mogul Cluster,Discovery Gardens,Dubai,Whole Building,7+,7+,15852,PARTLY,41000000,46067416,11,sell,Igor Davydenko,S P INVEST REAL ESTATE,,2026-06-04T08:38:11Z,UID-70-MOGUL,https://www.propertyfinder.ae/en/plp/buy/whole-building-for-sale-dubai-discovery-gardens-mogul-cluster-building-210-98247493.html
sale,Contemporary | Corner Villa |Lagoon | Huge Plot,District One Phase III,District One,Mohammed Bin Rashid City,Dubai,Villa,6,7,12936,NO,40000000,44943820,11,sell,Farah Albadaineh,ECOLIVING REAL ESTATE L.L.C,,2026-07-23T09:47:04Z,ecoliving-real-estate-l-l-c-00000277,https://www.propertyfinder.ae/en/plp/buy/villa-for-sale-dubai-mohammed-bin-rashid-city-district-one-district-one-phase-iii-120170106.html
sale,Corner Villa| 4BR| Contemporary| Type 2| Big Area,District One Phase III,District One,Mohammed Bin Rashid City,Dubai,Villa,4,5,6135,NO,14100000,15842697,11,sell,Farah Albadaineh,ECOLIVING REAL ESTATE L.L.C,,2026-07-16T04:20:22Z,ecoliving-real-estate-l-l-c-00000242,https://www.propertyfinder.ae/en/plp/buy/villa-for-sale-dubai-mohammed-bin-rashid-city-district-one-district-one-phase-iii-116796791.html
sale,Turnkey 6BR | SP AED 12M | FF |Pool & Elevator,Meydan Gated Community,Grand Views,Meydan,Dubai,Villa,6,7+,5511,YES,12000000,13483146,11,sell,Sajawal Bashir,Realty Force Real Estate Brokers,,2026-07-14T07:38:47Z,B2M6BM8FP4JGXPGTC2KSGSJ8PG,https://www.propertyfinder.ae/en/plp/buy/villa-for-sale-dubai-meydan-meydan-gated-community-grand-views-115911317.html
sale,Custom Built | 6 Bed Mansion | Vastu | Vacant,Al Furjan West,,Al Furjan,Dubai,Villa,6,7,6641,NO,8500000,9550562,11,sell,Mark Sherman,Allsopp & Allsopp - Motor City Sales,,2026-06-17T05:45:13Z,L-299368,https://www.propertyfinder.ae/en/plp/buy/villa-for-sale-dubai-al-furjan-al-furjan-west-103677255.html
sale,Luxury Independent Villa In Al Furjan West,Al Furjan West,,Al Furjan,Dubai,Villa,6,7,6641,NO,8499000,9549438,11,sell,Ibrahim Almajdoubeh,fam Properties - Branch 22,,2026-06-13T13:20:36Z,PF-YAgd-VS-173434,https://www.propertyfinder.ae/en/plp/buy/villa-for-sale-dubai-al-furjan-al-furjan-west-102005648.html
sale,Corner Unit |  Handover Q1 2028 | Luxury Villa,The Acres (Phase 1),The Acres,Dubai Land,Dubai,Villa,4,5,4399,NO,6500000,7303371,11,sell,Marc Mesmar,SEVEN STONES REAL ESTATE BUYING & SELLING BROKERAGE,,2026-07-10T14:30:39Z,SevenStone-11462,https://www.propertyfinder.ae/en/plp/buy/villa-for-sale-dubai-dubai-land-the-acres-the-acres-phase-1-114178332.html
sale,Best Location | 3 BR | Type B | Phase 1,The Acres (Phase 1),The Acres,Dubai Land,Dubai,Villa,3,4,4295,NO,5700000,6404494,11,sell,John May,The Network,,2026-07-31T04:27:11Z,S-JMa.007,https://www.propertyfinder.ae/en/plp/buy/villa-for-sale-dubai-dubai-land-the-acres-the-acres-phase-1-123816093.html
sale,4BHK - TH | Multiple Option | Community Expert,Emaar South,Greenway 2,Dubai South (Dubai World Central),Dubai,Townhouse,4,4,3897,NO,3990000,4483146,11,sell,Ahmad  Al Khatib,Coldwell Banker - Swap,,2026-07-02T12:28:03Z,CB-S-007832,https://www.propertyfinder.ae/en/plp/buy/townhouse-for-sale-dubai-dubai-south-dubai-world-central-emaar-south-greenway-2-110525215.html
sale,Luxury 5BR | Resort-Style Living | Premium Villa,Fiji 2,Fiji 2,DAMAC Islands,Dubai,Villa,5,6,2594,NO,3450000,3876404,11,sell,Savneet Singh,HABSTONE HOMES REAL ESTATE,,2026-07-04T11:17:39Z,JAM38GNES1FXBYH50ZAEBMPF1W,https://www.propertyfinder.ae/en/plp/buy/villa-for-sale-dubai-damac-islands-fiji-2-111416650.html
sale,PRICED TO SELL | NEXT TO MALL | VACANT,Fortunato,District 11,Jumeirah Village Circle,Dubai,Apartment,4,5,3246,NO,2350000,2640449,11,sell,Anas bin Malik,A B M Properties,,2026-06-03T05:58:50Z,0SXMBMPVGYH2EJB1SNRSXHT0QR,https://www.propertyfinder.ae/en/plp/buy/apartment-for-sale-dubai-jumeirah-village-circle-district-11-fortunato-97802330.html
sale,Off plan Resale | Corner 4BR TH | Investor Deal,Violet,Violet 4,Damac Hills 2,Dubai,Townhouse,4,4,1534,NO,2280000,2561798,11,sell,Bhupinder Singh,fam Properties - Branch 23,,2026-05-15T07:28:34Z,PF-May-Fifteen-Twenty-Six-VS-161319,https://www.propertyfinder.ae/en/plp/buy/townhouse-for-sale-dubai-damac-hills-2-violet-violet-4-89619614.html
sale,Brand New | Best Price | Motivated Seller,Equiti Home B,Equiti Home,Al Furjan,Dubai,Apartment,3,2,1540,NO,1650000,1853933,11,sell,Harsha Lalwani,Driven Properties,,2026-07-20T11:50:45Z,DPF-S-54973,https://www.propertyfinder.ae/en/plp/buy/apartment-for-sale-dubai-equiti-home-al-furjan-equiti-home-b-118591565.html
rent,PALM SEA VIEW | VACANT | RESORT LIFESTYLE,Mansion 1,W Residences,Palm Jumeirah,Dubai,Apartment,3,5,6155,NO,1600000,1797753,11,yearly,Farid Sepieh,LICORNE REAL ESTATE,,2026-08-01T09:53:44Z,7128613590-LicorneRent,https://www.propertyfinder.ae/en/plp/rent/apartment-for-rent-dubai-palm-jumeirah-the-crescent-w-residences-mansion-1-124275313.html
rent,Burj Khalifa | 5BR with Balcony | Skyline View,Opera Grand,Burj Khalifa Area,Downtown Dubai,Dubai,Apartment,5,6,7454,PARTLY,1600000,1797753,11,yearly,George Roumie,Provident Real Estate,,2026-07-29T05:33:28Z,PR-2807268,https://www.propertyfinder.ae/en/plp/rent/apartment-for-rent-dubai-downtown-dubai-burj-khalifa-area-opera-grand-122898503.html
sale,Urgent Sale at OP | Motivated Seller | Brand New,Canal Heights,,Business Bay,Dubai,Apartment,studio,1,465,NO,1296000,1456180,11,sell,Jaskaran Singh,MIDAS REAL ESTATE BROKERS,,2026-07-27T11:44:12Z,Jas-CanalHeights,https://www.propertyfinder.ae/en/plp/buy/apartment-for-sale-dubai-business-bay-canal-heights-121997792.html
sale,Vacant I Prime Location I Exclusive,Azizi Riviera Azure,Azizi Riviera,Meydan,Dubai,Apartment,studio,1,367,NO,1200000,1348315,11,sell,Somon Odinaev,Chestertons International Commercial,,2026-07-31T09:37:28Z,AP22186,https://www.propertyfinder.ae/en/plp/buy/apartment-for-sale-dubai-meydan-meydan-one-azizi-riviera-azizi-riviera-azure-123826456.html
sale,Spacious | Furnished with Burj Khalifa View,Burj Al Nujoom,,Downtown Dubai,Dubai,Apartment,studio,1,452,YES,1140000,1280899,11,sell,Camilla  Pascarella,THRIVESTATE SQUARE REAL ESTATE,,2026-07-30T11:32:57Z,TS-CP-01,https://www.propertyfinder.ae/en/plp/buy/apartment-for-sale-dubai-downtown-dubai-burj-al-nujoom-123380890.html
sale,Luxury Studio | 40+ Luxurious Amenities | High ROI,Diamondz By Danube,Diamondz By Danube,Jumeirah Lake Towers,Dubai,Apartment,studio,1,419,YES,980000,1101124,11,sell,Bahareh Davood Rakhshbahar,New Way Real Estate Brokers,,2026-06-18T11:01:16Z,Ne-S-Ba7419,https://www.propertyfinder.ae/en/plp/buy/apartment-for-sale-dubai-jumeirah-lake-towers-diamondz-by-danube-104250641.html
sale,VACANT ON TRANSFER  | FULLY FURNISHED | SKYLINE VIEW,Artesia A,Artesia,Damac Hills,Dubai,Apartment,1,2,554,YES,889998,999998,11,sell,Priscilla Majorine,LOKHS REAL ESTATE L.L.C,,2026-07-29T06:49:47Z,LOKHS-S-117941,https://www.propertyfinder.ae/en/plp/buy/apartment-for-sale-dubai-damac-hills-artesia-artesia-a-122900022.html
rent,"Furnished, ensuite bedrooms , vacant , low floor",Bluewaters Residences Building 10,Bluewaters Residences,Bluewaters,Dubai,Apartment,4,5,2680,YES,850000,955056,11,yearly,Shohreh Amini,Sun Gate Real Estate,,2026-06-11T09:31:36Z,EK4569E1HNW4WWRM3XVWFWTCFC,https://www.propertyfinder.ae/en/plp/rent/apartment-for-rent-dubai-bluewaters-bluewaters-residences-bluewaters-residences-building-10-101270828.html
rent,Luxurious Presidential Suite - All Bills Included,Sheraton Grand Hotel,,Sheikh Zayed Road,Dubai,Penthouse,2,2,2282,YES,850000,955056,11,yearly,Junaid Hameed,Sheraton Grand Hotel,,2026-07-20T14:43:33Z,72B51Q7RV9BCQ15S574FEY74S0,https://www.propertyfinder.ae/en/plp/rent/penthouse-for-rent-dubai-sheikh-zayed-road-sheraton-grand-hotel-118601356.html
sale,High Floor | Elegant Living| Great Investment,District 15,One Sky Park,Jumeirah Village Circle,Dubai,Apartment,studio,1,429,NO,850000,955056,11,sell,Hui Jiang,XSPACE REAL ESTATE,,2026-07-07T09:35:12Z,XSPAC-S-108391,https://www.propertyfinder.ae/en/plp/buy/apartment-for-sale-dubai-jumeirah-village-circle-district-15-one-sky-park-112742127.html
sale,Rare Corner  |  Large Duplex  |  Panoramic Balcony,Wind Tower 1,JLT Cluster B,Jumeirah Lake Towers,Dubai,Duplex,1,2,904,NO,850000,955056,11,sell,Ismail Bilgin,Rosenheim Luxury Properties,,2026-07-14T12:41:44Z,LST-01175,https://www.propertyfinder.ae/en/plp/buy/duplex-for-sale-dubai-jumeirah-lake-towers-jlt-cluster-b-wind-tower-1-115932800.html
sale,Fully Furnished Studio | Skyline View | Near Metro,Equiti Gate,Jebel Ali Industrial 2,Jebel Ali,Dubai,Apartment,studio,1,355,YES,650000,730337,11,sell,Ghazal Faraji,EIVAN PROPERTIES L.L.C S.O.C,,2026-06-16T11:00:47Z,EQG-EA-SSP,https://www.propertyfinder.ae/en/plp/buy/apartment-for-sale-dubai-jebel-ali-jebel-ali-industrial-jebel-ali-industrial-2-equiti-gate-103259570.html
rent,Elegant | Furnished | View of Burj and Fountain.!,The Residences 5,The Residences,Downtown Dubai,Dubai,Penthouse,4,5,3481,YES,625000,702247,11,yearly,Shalin Patel,VARNI PROPERTIES,,2026-07-07T08:27:03Z,VV2DCY2EBHBX3XGGT3KRZZYGFW,https://www.propertyfinder.ae/en/plp/rent/penthouse-for-rent-dubai-downtown-dubai-the-residences-the-residences-5-112735952.html
rent,Penthouse | 4 bed+ study | Full Burj View,The Residences 5,The Residences,Downtown Dubai,Dubai,Penthouse,4,4,3481,YES,624990,702236,11,yearly,Yash Shroff,Raine & Horne,,2026-07-15T06:44:44Z,RNE-R-7150,https://www.propertyfinder.ae/en/plp/rent/penthouse-for-rent-dubai-downtown-dubai-the-residences-the-residences-5-116354732.html
sale,Investor Deal | Smart House | Fully Furnished,Guzel Towers,District 1,Jumeirah Village Triangle,Dubai,Apartment,studio,1,323,YES,580000,651685,11,sell,Ksenia Zaytseva,D&B Properties,,2026-07-06T10:44:56Z,DB-S-64658,https://www.propertyfinder.ae/en/plp/buy/apartment-for-sale-dubai-jumeirah-village-triangle-district-1-guzel-towers-112296868.html
rent,BRAND NEW - PRIME LOCATION - FULL SEA VIEW,Le Ciel 1,Le Ciel,Jumeirah,Dubai,Apartment,4,5,3152,NO,550000,617978,11,yearly,Ron Diego,Desea Global Properties LLC,,2026-07-10T10:36:51Z,Desea-R-110129,https://www.propertyfinder.ae/en/plp/rent/apartment-for-rent-dubai-jumeirah-la-mer-port-de-la-mer-le-ciel-le-ciel-1-114163819.html
sale,MODERN LIVING IN ARJAN | STYLISH STUDIO | HIGH ROI,Elano by Oro24,,Arjan,Dubai,Apartment,studio,1,370,NO,550000,617978,11,sell,Damien Bourgeois,HBS Real Estate,,2026-06-23T11:35:33Z,ElanoByORO24-HBS001519-DB,https://www.propertyfinder.ae/en/plp/buy/apartment-for-sale-dubai-arjan-elano-by-oro24-106414348.html
sale,Great Deal/Furnished Studio/VOT/High Floor,Lakeside Tower D,Lakeside Residence,Dubai Production City (IMPZ),Dubai,Apartment,studio,1,369,YES,400000,449438,11,sell,Talgat Akishov,T & A Partners Real Estate,,2026-07-02T17:27:12Z,68JSKHWDV4HKG22Q4BFVCT4F88,https://www.propertyfinder.ae/en/plp/buy/apartment-for-sale-dubai-dubai-production-city-impz-lakeside-residence-lakeside-tower-d-110538397.html
rent,FULL SEA VIEW I ELEGANT UPGRADE I CALL TO VIEW,Sadaf 5,Sadaf,Jumeirah Beach Residence,Dubai,Penthouse,4,4,2186,YES,250000,280899,11,yearly,Sarkar  Sadik,Arabian Estates,,2026-07-30T08:47:19Z,PB-R-40686,https://www.propertyfinder.ae/en/plp/rent/penthouse-for-rent-dubai-jumeirah-beach-residence-sadaf-sadaf-5-123367133.html
rent,Modern Living |Near Dragon Mart| 4BHK Duplex,The Double,International City Phase 2,Al Warsan,Dubai,Apartment,4,4,3437,NO,170000,191011,11,yearly,Irfan Muhammad Razaq,D I O SKY REAL ESTATE BROKERAGE L.L.C,,2026-07-11T07:25:33Z,10DOBLE_IRFMR-PF-1,https://www.propertyfinder.ae/en/plp/rent/apartment-for-rent-dubai-al-warsan-al-warsan-4-international-city-phase-2-the-double-114596175.html
rent,Spacious 4 BHK | Near Dragon Mart | Available Now,The Double,International City Phase 2,Al Warsan,Dubai,Apartment,4,5,3059,NO,170000,191011,11,yearly,Irfan Muhammad Razaq,D I O SKY REAL ESTATE BROKERAGE L.L.C,,2026-06-18T06:12:11Z,doubleee_irfan4-PF-1,https://www.propertyfinder.ae/en/plp/rent/apartment-for-rent-dubai-al-warsan-al-warsan-4-international-city-phase-2-the-double-104118934.html
rent,4 BHK + Maid's room | Chiller Free | Brand New,The Double,International City Phase 2,Al Warsan,Dubai,Apartment,4,4,3098,NO,170000,191011,11,yearly,Mansoor Khan Farman Ali,D I O SKY REAL ESTATE BROKERAGE L.L.C,,2026-06-15T12:25:24Z,double2_mansoor-PF-1,https://www.propertyfinder.ae/en/plp/rent/apartment-for-rent-dubai-al-warsan-al-warsan-4-international-city-phase-2-the-double-102834156.html
rent,Brand New | Modern Apartment |4BHK With Maids Room,The Double,International City Phase 2,Al Warsan,Dubai,Apartment,4,4,2345,NO,170000,191011,11,yearly,Mansoor Khan Farman Ali,D I O SKY REAL ESTATE BROKERAGE L.L.C,,2026-06-15T12:06:35Z,double_mans3-PF-1,https://www.propertyfinder.ae/en/plp/rent/apartment-for-rent-dubai-al-warsan-al-warsan-4-international-city-phase-2-the-double-102833571.html
rent,Golf View | 2bdr  Maid | Available Now,Golf Promenade 4A,Golf Promenade 4,Damac Hills,Dubai,Duplex,2,3,1855,NO,165000,185393,11,yearly,Jeffrey Navarro Garcia,Paragon Properties,,2026-06-01T13:24:47Z,PP-R-18922,https://www.propertyfinder.ae/en/plp/rent/duplex-for-rent-dubai-damac-hills-golf-town-golf-promenade-4-golf-promenade-4a-96962414.html
rent,FULLY FURNISHED | PRIME LOCATION | READY TO MOVE,Giovanni Boutique Suites,,Dubai Sports City,Dubai,Apartment,studio,1,448,YES,39900,44831,11,yearly,Lawrence Tandare,Deluxe Homes Real Estate Brokers,,2026-08-04T11:37:08Z,0W2FM19ACWS1RZQ008EVWS4TH8,https://www.propertyfinder.ae/en/plp/rent/apartment-for-rent-dubai-dubai-sports-city-giovanni-boutique-suites-125645877.html
sale,Sea Facing | Luxury Villa | Waterfront Community,Sur La Mer 2,Sur La Mer,Jumeirah,Dubai,Villa,5,6,8520,YES,36000000,40000000,10,sell,Waleed Ghani,GRIFFIN PROPERTIES,,2026-07-15T07:59:02Z,griffin-15450042,https://www.propertyfinder.ae/en/plp/buy/villa-for-sale-dubai-jumeirah-jumeirah-1-sur-la-mer-sur-la-mer-2-116357170.html
sale,Biggest Plot | Corner Unit | Genuine,Nad Al Sheba 1,Nad Al Sheba Gardens 2,Nad Al Sheba,Dubai,Villa,5,6,8487,NO,16799000,18665556,10,sell,Yogesh Patwari,Eminence Real Estate,,2026-07-10T10:05:33Z,E-S-3651,https://www.propertyfinder.ae/en/plp/buy/villa-for-sale-dubai-nad-al-sheba-nad-al-sheba-1-nad-al-sheba-gardens-nad-al-sheba-gardens-2-114161782.html
sale,G+2 | Luxury Finishing | Well Priced,Sobha Reserve,Sobha Reserve,Wadi Al Safa 2,Dubai,Villa,5,7,4672,NO,9500000,10555556,10,sell,Sarah Muller,The Network,,2026-07-31T13:05:18Z,SS-MS098,https://www.propertyfinder.ae/en/plp/buy/villa-for-sale-dubai-wadi-al-safa-2-sobha-reserve-123837405.html
sale,| Corner Unit | Lagoon | Single Row | Private Pool,Ixora,Ixora,Al Barari,Dubai,Townhouse,4,5,2368,NO,9450000,10500000,10,sell,Luka Kulier,KVB PROPERTIES L.L.C,,2026-06-08T08:00:39Z,X07NYGW4G41E4GBR1G2B1GTY5G,https://www.propertyfinder.ae/en/plp/buy/townhouse-for-sale-dubai-al-barari-ixora-99957774.html
sale,Exclusive | Genuine Resale | Spacious Layout,Opal Gardens,District 11,Mohammed Bin Rashid City,Dubai,Villa,4,5,6431,NO,9300000,10333333,10,sell,Benjamin Rooney,haus & haus,,2026-07-15T12:52:51Z,ADM264144,https://www.propertyfinder.ae/en/plp/buy/villa-for-sale-dubai-mohammed-bin-rashid-city-district-11-opal-gardens-116377496.html
sale,Custom 4 Bedroom | Single Row | Exclusive,Arabian Villas,District 8,Jumeirah Village Triangle,Dubai,Villa,4,5,5651,NO,9000000,10000000,10,sell,Mark Mccabe,White & Co Real Estate,,2026-07-03T06:13:57Z,RL-228893,https://www.propertyfinder.ae/en/plp/buy/villa-for-sale-dubai-jumeirah-village-triangle-district-8-arabian-villas-110952601.html
sale,Fully Furnished and Renovated | Private Pool,Goldcrest Views 1,JLT Cluster V,Jumeirah Lake Towers,Dubai,Penthouse,5,5,6168,YES,8950000,9944444,10,sell,Sonia Chhabra,Range International,,2026-07-30T09:00:39Z,RNP-S-4187,https://www.propertyfinder.ae/en/plp/buy/penthouse-for-sale-dubai-jumeirah-lake-towers-jlt-cluster-v-goldcrest-views-1-123368343.html
sale,Rare Opportunity | 360 Views | Motivated Seller,Marinascape Marina Homes,Trident Marinascape,Dubai Marina,Dubai,Apartment,4,4,8608,YES,7999999,8888888,10,sell,Stephanie Johnston,S J R REAL ESTATE BROKERAGE,,2026-07-24T10:47:39Z,S-351XXAHVW,https://www.propertyfinder.ae/en/plp/buy/apartment-for-sale-dubai-dubai-marina-trident-marinascape-marinascape-marina-homes-120653519.html
sale,Green Belt | Upgraded | Large Plot | View Now,Alma 1,Alma,Arabian Ranches,Dubai,Villa,4,3,3993,NO,6000000,6666667,10,sell,Joshua Walters,Allsopp & Allsopp - Motor City,,2026-07-29T19:05:18Z,DUB206328__FF,https://www.propertyfinder.ae/en/plp/buy/villa-for-sale-dubai-arabian-ranches-alma-alma-1-122940073.html
sale,Luxury 5-Bedroom Villa | Perfect for families,The Pulse,The Pulse Beachfront 2,Dubai South (Dubai World Central),Dubai,Villa,5,6,3934,YES,5600000,6222222,10,sell,Zeeshan Anwar,ANWA Properties L.L.C,,2026-06-27T13:09:59Z,S-10375-1782563827433,https://www.propertyfinder.ae/en/plp/buy/villa-for-sale-dubai-dubai-south-dubai-world-central-the-pulse-the-pulse-beachfront-2-108181045.html
sale,Single Row | Vacant | Prime Location | High ROI,Maple at Dubai Hills Estate,Maple at Dubai Hills Estate 2,Dubai Hills Estate,Dubai,Villa,4,4,3275,NO,5600000,6222222,10,sell,VERONIKA FINK,Keller Williams Sheikh Zayed Road,,2026-06-10T13:30:14Z,L-1654,https://www.propertyfinder.ae/en/plp/buy/villa-for-sale-dubai-dubai-hills-estate-maple-at-dubai-hills-estate-maple-at-dubai-hills-estate-2-100857013.html
sale,Huge Plot | Pool & Garden | Prime Location,District 16,Block M,Jumeirah Village Circle,Dubai,Villa,2,3,8256,NO,4600000,5111111,10,sell,Yossef Arab,OMNISPHERE REAL ESTATE L.L.C,,2026-06-22T09:13:46Z,omnisphere-8-295,https://www.propertyfinder.ae/en/plp/buy/villa-for-sale-dubai-jumeirah-village-circle-district-16-block-m-105964371.html
sale,"Luxury 4BR Villa in Rivana, Below OP,Investor deal",Rivera at the Valley,Rivera at the Valley,The Valley,Dubai,Villa,4,5,3999,NO,4300000,4777778,10,sell,Hossein Taghaboni,Homes 4 Life Real Estate - 71,,2026-07-06T12:03:40Z,H4L-3626074,https://www.propertyfinder.ae/en/plp/buy/villa-for-sale-dubai-the-valley-rivera-at-the-valley-112303567.html
sale,Spacious 4 BR + Maid | High Floor | Prime Location,Crest Grande,Sobha Hartland,Mohammed Bin Rashid City,Dubai,Apartment,4,4,2219,NO,4100000,4555556,10,sell,Peter Rodrigues,DNH Real Estate L.L.C,,2026-07-17T10:14:21Z,PTR-4BR-CGSH,https://www.propertyfinder.ae/en/plp/buy/apartment-for-sale-dubai-mohammed-bin-rashid-city-sobha-hartland-crest-grande-117260241.html
sale,Exclusive I Skyline View I  RasAlKhor View,Crest Grande,Sobha Hartland,Mohammed Bin Rashid City,Dubai,Apartment,4,6,2219,NO,4100000,4555556,10,sell,Imran Memon,MIRA International - T3,,2026-07-16T06:31:56Z,MIRA-IMRME-APT-S-00017,https://www.propertyfinder.ae/en/plp/buy/apartment-for-sale-dubai-mohammed-bin-rashid-city-sobha-hartland-crest-grande-116799466.html
sale,Luxury 4BR Villa | High ROI | Spacious Layout,Belair Damac Hills - By Trump Estates,Belair Damac Hills - By Trump Estates,Damac Hills,Dubai,Villa,4,6,2265,YES,3980000,4422222,10,sell,Fen Xiang,ELITE GRAND REAL ESTATE L.L.C,,2026-05-03T11:26:34Z,F6K8139A6Z3CXX0Q3T29HDJXV8,https://www.propertyfinder.ae/en/plp/buy/villa-for-sale-dubai-damac-hills-belair-damac-hills-by-trump-estates-84483307.html
sale,Motivated Seller | Corner Unit | Walk To Lagoon,Nice,Nice,Damac Lagoons,Dubai,Townhouse,5,5,2362,NO,3600000,4000000,10,sell,Thomas Poulson,haus & haus,,2026-07-15T10:03:30Z,DUL263685,https://www.propertyfinder.ae/en/plp/buy/townhouse-for-sale-dubai-damac-lagoons-nice-116365526.html
sale,Master Bedrooms| G+2 | Private Lift | Vot,Marwa Homes,District 12,Jumeirah Village Circle,Dubai,Villa,4,5,1988,NO,3149999,3499999,10,sell,Majd  Barshini,fam Properties - Branch 16,,2026-05-06T07:27:40Z,PF-May-Six-Twenty-Six-VS-169247,https://www.propertyfinder.ae/en/plp/buy/villa-for-sale-dubai-jumeirah-village-circle-district-12-marwa-homes-85733225.html
sale,Exclusive | Single Row | Available Now,Emaar South,Greenview 3,Dubai South (Dubai World Central),Dubai,Townhouse,3,3,1483,NO,2850000,3166667,10,sell,Gemma Contrino,NUVELLO REAL ESTATE L.L.C,,2026-05-08T08:28:18Z,NUVELLO-SALE-00317,https://www.propertyfinder.ae/en/plp/buy/townhouse-for-sale-dubai-dubai-south-dubai-world-central-emaar-south-greenview-3-86603610.html
sale,Close to Park | Near Golden Beach | Prime Location,Lillia,Lillia,The Valley,Dubai,Villa,3,4,1483,NO,2600000,2888889,10,sell,Skye Powell,Apex Homes DXB,,2026-06-25T13:19:02Z,AHRE-2577,https://www.propertyfinder.ae/en/plp/buy/villa-for-sale-dubai-the-valley-lillia-107305597.html
sale,Exclusive | Corner Unit | Under Original Price | Water View,Violet,Violet 3,Damac Hills 2,Dubai,Townhouse,4,5,1543,NO,2200000,2444444,10,sell,Tony Hajjar,Vivid Realty Real Estate LLC,,2026-06-29T11:13:04Z,Vivid-2148,https://www.propertyfinder.ae/en/plp/buy/townhouse-for-sale-dubai-damac-hills-2-violet-violet-3-109045728.html
sale,End-Corner | Extendable | Spacious,Amargo,Amargo,Damac Hills 2,Dubai,Townhouse,3,4,1559,NO,1900000,2111111,10,sell,Mohamed Elazrag,J R Real Estate Brokerage L.L.C,,2026-06-05T08:05:47Z,NG5Y13BNRKVYN4CSQP9K1KRCY4,https://www.propertyfinder.ae/en/plp/buy/townhouse-for-sale-dubai-damac-hills-2-amargo-98683181.html
rent,Exclusive | Fully Furnished  | Burj Khalifa View,Block A,Mr. C Residences,Jumeirah,Dubai,Apartment,4,4,5480,NO,1800000,2000000,10,yearly,Habeeb Sulthan Pallath,FNM Properties L.L.C,,2026-06-23T16:12:05Z,FNM-Mr.C-M-1230,https://www.propertyfinder.ae/en/plp/rent/apartment-for-rent-dubai-jumeirah-jumeirah-2-mr-c-residences-block-a-106429414.html
sale,Brand New | Prime Location | Premium Finishing,The Spark By Esnaad,District 11,Mohammed Bin Rashid City,Dubai,Apartment,2,3,1071,NO,1700000,1888889,10,sell,Omar Otabashi,fam Properties - Branch 23,,2026-08-05T07:10:35Z,PF-WBhe-AS-178551,https://www.propertyfinder.ae/en/plp/buy/apartment-for-sale-dubai-mohammed-bin-rashid-city-district-11-the-spark-by-esnaad-126086266.html
sale,3 Bedrooms | Extended Unit |Stunning views,Mimosa,Mimosa,Damac Hills 2,Dubai,Townhouse,3,4,1802,YES,1530000,1700000,10,sell,Ibrahim Sulieman  Younis,Rise Properties L.L.C,,2026-05-26T08:20:20Z,IBR/2026/MAY/SP,https://www.propertyfinder.ae/en/plp/buy/townhouse-for-sale-dubai-damac-hills-2-mimosa-94439869.html
sale,Rented | Branded Residence | High ROI Potential,SLS Dubai Hotel & Residences,,Business Bay,Dubai,Apartment,studio,1,655,YES,1400000,1555556,10,sell,Jonathan William Mitchell,Luxfolio Real Estate Brokers LLC,,2026-06-04T06:43:28Z,LXF-S-175308,https://www.propertyfinder.ae/en/plp/buy/apartment-for-sale-dubai-business-bay-sls-dubai-hotel-residences-98240032.html
sale,MODERN UNIT | LUXURY LIVING | PRIME LOCATION,V1STARA HOUSE,Jebel Ali Village,Jebel Ali,Dubai,Apartment,1,2,840,NO,1400000,1555556,10,sell,Marlyn Arellano,Classic Properties Real Estate,,2026-08-05T11:24:40Z,CPR596,https://www.propertyfinder.ae/en/plp/buy/apartment-for-sale-dubai-jebel-ali-jebel-ali-village-v1stara-house-126105786.html
sale,Luxury Studio | High Floor | High ROI Potential,Bayz 102 by Danube,,Business Bay,Dubai,Apartment,studio,1,404,YES,1390000,1544444,10,sell,Alexandru Pirtac,AX CAPITAL Real Estate,,2026-07-17T06:01:45Z,axc-3996398,https://www.propertyfinder.ae/en/plp/buy/apartment-for-sale-dubai-business-bay-bayz-102-by-danube-117248515.html
sale,Genuine Resale| Close to Amenities & Entrance Exit,,,Bianca,Dubai,Townhouse,2,3,976,NO,1349999,1499999,10,sell,Mukaram Riaz,TBH PROPERTIES L.L.C,,2026-07-11T08:42:52Z,Bianca2Br,https://www.propertyfinder.ae/en/plp/buy/townhouse-for-sale-dubai-bianca-114600034.html
sale,Below Market Value | Sleek Interiors | Strong ROI,DG1,,Business Bay,Dubai,Apartment,studio,1,501,NO,1182000,1313333,10,sell, Walid Abou Sabha,Disruptive Real Estate,,2026-07-14T08:00:18Z,DRP-034-2026-3,https://www.propertyfinder.ae/en/plp/buy/apartment-for-sale-dubai-business-bay-dg1-115912499.html
sale,Below Market Value | Sleek Interiors | Strong ROI,DG1,,Business Bay,Dubai,Apartment,studio,1,501,NO,1182000,1313333,10,sell, Walid Abou Sabha,Disruptive Real Estate,,2026-07-14T07:35:55Z,DRP-043-2026-1,https://www.propertyfinder.ae/en/plp/buy/apartment-for-sale-dubai-business-bay-dg1-115911222.html
sale,Prime Location | High Floor | Vacant,Aykon City Tower B,Aykon City,Business Bay,Dubai,Apartment,studio,1,423,YES,900000,1000000,10,sell,Lazar  Simonovic,Luxfolio Real Estate Brokers LLC,,2026-07-15T10:03:38Z,LXF-S-178033,https://www.propertyfinder.ae/en/plp/buy/apartment-for-sale-dubai-business-bay-aykon-city-aykon-city-tower-b-116365531.html
sale,Spacious Studio | Prime Investment | On OP Sale,Binghatti Skyhall,,Business Bay,Dubai,Apartment,studio,1,553,NO,900000,1000000,10,sell,Gauri Mahalle,Bull and Bear,,2026-07-09T09:37:43Z,1JQ6BPCGQQ59PZTB8VMD9YNRAW,https://www.propertyfinder.ae/en/plp/buy/apartment-for-sale-dubai-business-bay-binghatti-skyhall-113710081.html
sale,Premium Studio | Dubai Skyline View | Best Deal,Binghatti Ivory,Dubai Healthcare City 2,Al Jaddaf,Dubai,Apartment,studio,1,459,NO,900000,1000000,10,sell,Mahmoud Aljabban,Hayat Luxury Properties,,2026-07-07T13:11:01Z,hayatluxury-S-1919,https://www.propertyfinder.ae/en/plp/buy/apartment-for-sale-dubai-al-jaddaf-dubai-healthcare-city-2-binghatti-ivory-112757752.html
sale,Payment Plan | Motivated Seller | High ROi Potential,District 13,Elitz 3 by Danube,Jumeirah Village Circle,Dubai,Apartment,studio,1,423,YES,810000,900000,10,sell,Vasilii Oxenciuc,PRIMAL ALLIANCE REAL ESTATE,,2026-07-14T07:36:03Z,PA-8236,https://www.propertyfinder.ae/en/plp/buy/apartment-for-sale-dubai-jumeirah-village-circle-district-13-elitz-3-by-danube-115911227.html
sale,Large Balcony | Vacant Now | 517.74 sq ft,DEC Tower 1,DEC Towers,Dubai Marina,Dubai,Apartment,studio,1,517,YES,730000,811111,10,sell,Jolli Heer,Allsopp & Allsopp -Business Bay,,2026-07-01T06:10:44Z,L-303813,https://www.propertyfinder.ae/en/plp/buy/apartment-for-sale-dubai-dubai-marina-dec-towers-dec-tower-1-109935449.html
sale,Stylish Modern Studio | Prime JVT Location,Edmonton Elm,District 3,Jumeirah Village Triangle,Dubai,Apartment,studio,1,657,NO,699999,777777,10,sell,Joshua Seberry,White & Co Real Estate,,2026-05-26T11:49:57Z,RL-213113,https://www.propertyfinder.ae/en/plp/buy/apartment-for-sale-dubai-jumeirah-village-triangle-district-3-edmonton-elm-94447021.html
sale,Vacant | Pool View | Fully Furnished,Azizi Riviera 34,Azizi Riviera,Meydan,Dubai,Apartment,studio,1,323,YES,650000,722222,10,sell,RAGHAV WADHWA,Yousef Jalili Real Estate L.L.C,,2026-07-22T13:41:42Z,Raghav-207,https://www.propertyfinder.ae/en/plp/buy/apartment-for-sale-dubai-meydan-meydan-one-azizi-riviera-azizi-riviera-34-119736586.html
sale,Corner unit| lagoon view| mid floor,Azizi Venice 14 Building A,Azizi Venice 14,Dubai South (Dubai World Central),Dubai,Apartment,studio,1,369,NO,650000,722222,10,sell,Jamayma Gina Verhoeve,AX CAPITAL Real Estate,,2026-07-20T12:07:20Z,axc-3996754,https://www.propertyfinder.ae/en/plp/buy/apartment-for-sale-dubai-dubai-south-dubai-world-central-azizi-venice-azizi-venice-14-azizi-venice-14-building-a-118592936.html
sale,High ROI | Upcoming Metro | OriginalPrice,Azizi Venice 14 - Building F,Azizi Venice 14,Dubai South (Dubai World Central),Dubai,Apartment,studio,1,365,YES,650000,722222,10,sell,Alexandru Nicolau,fam Properties - Branch 23,,2026-07-13T13:12:52Z,PF-daME-AS-176150,https://www.propertyfinder.ae/en/plp/buy/apartment-for-sale-dubai-dubai-south-dubai-world-central-azizi-venice-azizi-venice-14-azizi-venice-14---building-f-115489801.html
sale,Skyline View Studio | Flexible Cheques | Pool Area,Equiti Gate,Jebel Ali Industrial 2,Jebel Ali,Dubai,Apartment,studio,1,344,YES,650000,722222,10,sell,Ghazal Faraji,EIVAN PROPERTIES L.L.C S.O.C,,2026-06-16T06:47:36Z,EGJAIS-EA-SSP,https://www.propertyfinder.ae/en/plp/buy/apartment-for-sale-dubai-jebel-ali-jebel-ali-industrial-jebel-ali-industrial-2-equiti-gate-103239338.html
sale,Spacious Studio | Large Terrace |Premium Amenities,Azizi Riviera 16,Azizi Riviera,Meydan,Dubai,Apartment,studio,1,549,NO,639000,710000,10,sell,Anton Naumov,SG CAPITAL REAL ESTATE L.L.C S.O.C,,2026-07-02T11:20:03Z,SGCRE-2026-108,https://www.propertyfinder.ae/en/plp/buy/apartment-for-sale-dubai-meydan-meydan-one-azizi-riviera-azizi-riviera-16-110519092.html
sale,Tenanted | Unfurnished | Amazing Views | High ROI,District 16,Binghatti Azure,Jumeirah Village Circle,Dubai,Apartment,studio,1,339,NO,630000,700000,10,sell,Serhat Barskanmay,ELITE LUXORA PROPERTIES,,2026-07-01T06:32:26Z,ELD-S-1287,https://www.propertyfinder.ae/en/plp/buy/apartment-for-sale-dubai-jumeirah-village-circle-district-16-binghatti-azure-109935756.html
sale,Private Pool | Smart Home | Kitchen Appliances,Samana Resorts Tower B,Samana Resorts,Dubai Production City (IMPZ),Dubai,Apartment,studio,1,433,NO,625000,694444,10,sell,Fady  Adel,D&B Properties,,2026-07-21T10:57:17Z,DB-S-64938,https://www.propertyfinder.ae/en/plp/buy/apartment-for-sale-dubai-dubai-production-city-impz-samana-resorts-samana-resorts-tower-b-119037818.html
sale,Modern Studio | Bright Layout | Lincoln Park,Lincoln Park B,Lincoln Park,Arjan,Dubai,Apartment,studio,1,456,YES,599000,665556,10,sell,MAYASAH MAJEED FLAYYIH DALBOOHI,QRAR PROPERTY,,2026-06-25T13:39:11Z,C8800D8V7T51SVF8WRRGCZGSM0,https://www.propertyfinder.ae/en/plp/buy/apartment-for-sale-dubai-arjan-lincoln-park-lincoln-park-b-107307918.html
sale,Renovated | Rented | Ready To Earn,Lago Vista C,Lago Vista,Dubai Production City (IMPZ),Dubai,Apartment,studio,1,495,YES,495000,550000,10,sell,Devam Sheth,Eloquent Properties LLC,,2026-07-16T11:13:38Z,DSS 0LV 95,https://www.propertyfinder.ae/en/plp/buy/apartment-for-sale-dubai-dubai-production-city-impz-lago-vista-lago-vista-c-116813402.html
sale,Prime Location Rented| Spacious | Exclusive,Elite Sports Residence 6,Elite Sports Residence,Dubai Sports City,Dubai,Apartment,studio,1,435,PARTLY,475000,527778,10,sell,MALIK RIZWAN YASIR,Atomic Properties,,2026-07-06T12:38:40Z,S1M1WJ3JNC5WJKEAPP68PH93SG,https://www.propertyfinder.ae/en/plp/buy/apartment-for-sale-dubai-dubai-sports-city-elite-sports-residence-elite-sports-residence-6-112306032.html
sale,Exclusive | Furnished | Brand New,The Community,District 3,Jumeirah Village Triangle,Dubai,Apartment,studio,1,314,YES,450000,500000,10,sell,Feras Idris,Huspy Dubai,,2026-07-03T09:50:26Z,Huspy-3K82RDTRW06TWEK5RPGX5HZKFC,https://www.propertyfinder.ae/en/plp/buy/apartment-for-sale-dubai-jumeirah-village-triangle-district-3-the-community-110964708.html
rent,High-End Unit | Spacious | Vacant | Prime Location,Al Jazi 1,Al Jazi,Umm Suqeim,Dubai,Apartment,4,6,2853,NO,449997,499997,10,yearly,Andrew Sephton,ALTIS PROPERTIES L.L.C,,2026-06-25T13:53:52Z,AS-R009,https://www.propertyfinder.ae/en/plp/rent/apartment-for-rent-dubai-umm-suqeim-umm-suqeim-3-madinat-jumeirah-living-al-jazi-al-jazi-1-107309418.html
rent,2 parking | Private Garden | Vacant,Sadaf 8,Sadaf,Jumeirah Beach Residence,Dubai,Duplex,3,4,3766,NO,270000,300000,10,yearly,Alina Kovalenko,Phoenix Homes Real Estate Brokers LLC,,2026-07-15T12:15:10Z,DX11485-5,https://www.propertyfinder.ae/en/plp/rent/duplex-for-rent-dubai-jumeirah-beach-residence-sadaf-sadaf-8-116374784.html
rent,High Floor | Lagoon View | Multiple Options,Crest Grande,Sobha Hartland,Mohammed Bin Rashid City,Dubai,Apartment,4,5,2353,NO,268000,297778,10,yearly,Anas Muhammad Khan,Elan Real Estate - Meydan,,2026-07-06T08:46:29Z,Anas-CGA-R-4BR-002,https://www.propertyfinder.ae/en/plp/rent/apartment-for-rent-dubai-mohammed-bin-rashid-city-sobha-hartland-crest-grande-112286980.html
rent,Sea and Marina Views| High Floor| Hotel Amenities,Jumeirah Gate Tower 1,The Address Jumeirah Resort and Spa,Jumeirah Beach Residence,Dubai,Apartment,1,2,856,YES,135000,150000,10,yearly,Lara Park,haus & haus,,2026-07-30T10:25:02Z,LOF251623,https://www.propertyfinder.ae/en/plp/rent/apartment-for-rent-dubai-jumeirah-beach-residence-the-address-jumeirah-resort-and-spa-jumeirah-gate-tower-1-123376007.html
rent,4BR+Maid | G+2  | vacant | OFFER,Fortunato,District 11,Jumeirah Village Circle,Dubai,Apartment,4,5,3246,YES,134999,149999,10,yearly,Anas bin Malik,A B M Properties,,2026-06-01T07:14:15Z,FJ5V6XQK758E7DGSB62BTB6BDM,https://www.propertyfinder.ae/en/plp/rent/apartment-for-rent-dubai-jumeirah-village-circle-district-11-fortunato-96933049.html
rent,1BR- Un Furnished -Higher Floor - Best View- Ready,Murjan 1,Murjan,Jumeirah Beach Residence,Dubai,Apartment,1,2,1106,NO,90000,100000,10,yearly,Qammar Javed,Foot Print Real Estate,,2026-08-04T11:40:44Z,2778-sXyDA8,https://www.propertyfinder.ae/en/plp/rent/apartment-for-rent-dubai-jumeirah-beach-residence-murjan-murjan-1-125646145.html
rent,Spacious Studio | Premium Quality | Great Deal,District 16,Rise Residences,Jumeirah Village Circle,Dubai,Apartment,studio,1,399,PARTLY,38000,42222,10,yearly,Tahimoor Maqbool,Starwood Properties,,2026-08-05T11:38:15Z,risestd,https://www.propertyfinder.ae/en/plp/rent/apartment-for-rent-dubai-jumeirah-village-circle-district-16-rise-residences-126107246.html
sale,Fully Luxury Finished | Full Sea and Skyline View,Serenia Residences West,Serenia Residences The Palm,Palm Jumeirah,Dubai,Penthouse,3,5,4877,YES,32000000,35164835,9,sell,Parisa Davarkia,Valco Properties LLC,,2026-06-11T09:08:30Z,VALCO-1XPXFWCKK3MFB502Y9QZ28,https://www.propertyfinder.ae/en/plp/buy/penthouse-for-sale-dubai-palm-jumeirah-the-crescent-serenia-residences-the-palm-serenia-residences-west-101269204.html
sale,Price Drop | Next to Lagoon | Park Facing,Serenity Mansions,Serenity Mansions,Tilal Al Ghaf,Dubai,Villa,6,7+,10124,NO,28000000,30769231,9,sell,Hasmik  Harutyunyan,Provident Real Estate,,2026-06-30T09:15:10Z,PS-3006265,https://www.propertyfinder.ae/en/plp/buy/villa-for-sale-dubai-tilal-al-ghaf-serenity-mansions-109488456.html
sale,Luxury 5BR Villa | District One | Private Pool,District One Villas,District One,Mohammed Bin Rashid City,Dubai,Villa,5,7,9067,NO,26000000,28571429,9,sell,Mohamed Shaheen,BLAKES REAL ESTATE L.L.C,,2026-07-02T10:52:45Z,Q2E4ZZSJNERMRF7PKCFQYZWEZ4,https://www.propertyfinder.ae/en/plp/buy/villa-for-sale-dubai-mohammed-bin-rashid-city-district-one-district-one-villas-110516919.html
sale,Lagoon View | Away from Cable | Type 1 | Big Plot,District One Phase III,District One,Mohammed Bin Rashid City,Dubai,Villa,5,6,9302,NO,23200000,25494505,9,sell,Farah Albadaineh,ECOLIVING REAL ESTATE L.L.C,,2026-07-17T06:37:14Z,ecoliving-real-estate-l-l-c-00000272,https://www.propertyfinder.ae/en/plp/buy/villa-for-sale-dubai-mohammed-bin-rashid-city-district-one-district-one-phase-iii-117249072.html
sale,BEACH LIVING | LARGE PLOT | LUXURY,Palm Jebel Ali Frond F,Palm Jebel Ali Frond F,Palm Jebel Ali,Dubai,Villa,5,6,7358,NO,21000000,23076923,9,sell,Shahnawaz Shah,NOBEL CASA REAL ESTATE L.L.C,,2026-06-04T10:33:56Z,5 bed Palm Jebel Ali villa,https://www.propertyfinder.ae/en/plp/buy/villa-for-sale-dubai-palm-jebel-ali-palm-jebel-ali-frond-f-98256589.html
sale,Luxury 6 Bed | Signature Villa | Prime Location,Palm Jebel Ali Frond L,Palm Jebel Ali Frond L,Palm Jebel Ali,Dubai,Villa,6,7,7373,NO,20999999,23076922,9,sell,Anna Sydorenko,Metropolitan Premium Properties,,2026-07-09T11:14:42Z,MPSP-21563,https://www.propertyfinder.ae/en/plp/buy/villa-for-sale-dubai-palm-jebel-ali-palm-jebel-ali-frond-l-113718908.html
sale,6 BR Villa | Single Row | Majlis View | Investment,Meydan Gated Community,Grand Views,Meydan,Dubai,Villa,6,7,5590,NO,15500000,17032967,9,sell,Sarjil Lakdawala,STELLAR HEIGHTS REALTY L.L.C,,2026-07-17T08:07:55Z,SH-SL-RS-6B-Grandviews02,https://www.propertyfinder.ae/en/plp/buy/villa-for-sale-dubai-meydan-meydan-gated-community-grand-views-117252039.html
sale,Premium Lifestyle | 4BR+Maid Penthouse | Burj View,Imperial Avenue,,Downtown Dubai,Dubai,Apartment,4,6,5130,NO,15000000,16483516,9,sell,Harneet Singh,AARNA REAL ESTATE BUYING & SELLING BROKERAGE,,2026-07-10T14:03:39Z,har-19,https://www.propertyfinder.ae/en/plp/buy/apartment-for-sale-dubai-downtown-dubai-imperial-avenue-114177260.html
sale,UPGRADED | SKYLINE VIEW | TYPE 7 | CUL DE SAC,Meadows 2,,Meadows,Dubai,Villa,5,6,3805,NO,12500000,13736264,9,sell,Matthew Small,Williams International Real Estate,,2026-06-27T11:39:12Z,VI31479,https://www.propertyfinder.ae/en/plp/buy/villa-for-sale-dubai-meadows-meadows-2-108177944.html
sale,Facing Central Park l Best View | Vastu,The Oasis - Palmiera,The Oasis - Palmiera,The Oasis by Emaar,Dubai,Villa,4,7,8267,NO,10500000,11538462,9,sell,Chetan Shroff,Square Stone Properties L.L.C,,2026-07-21T07:43:44Z,SSP-CS-152-2,https://www.propertyfinder.ae/en/plp/buy/villa-for-sale-dubai-the-oasis-by-emaar-the-oasis-palmiera-119024458.html
sale,Private Pool | Spacious Layout | Prime Location,The Centro,The Centro,The Villa,Dubai,Villa,5,5,11939,NO,9999950,10988956,9,sell,Ketan Nagindas Shah,OAK AND STONE PROPERTIES L.L.C,,2026-06-22T06:31:53Z,KNS00024-Centro5bhk,https://www.propertyfinder.ae/en/plp/buy/villa-for-sale-dubai-dubai-the-centro-105951030.html
sale,Fully Upgraded 4BR | Must See | Central Location,District 7,District 7,Jumeirah Park,Dubai,Villa,4,4,5970,NO,9300000,10219780,9,sell,Archie Adams,haus & haus,,2026-06-09T10:33:17Z,MKT260468,https://www.propertyfinder.ae/en/plp/buy/villa-for-sale-dubai-jumeirah-park-district-7-100405629.html
sale,Green Belt | Single Row | Type A | Internal,Elie Saab,Elie Saab 2,Arabian Ranches 3,Dubai,Villa,4,6,4822,NO,7590000,8340659,9,sell,Charlotte Condon,THRIVESTATE SQUARE REAL ESTATE,,2026-06-01T15:30:30Z,TS-00000100,https://www.propertyfinder.ae/en/plp/buy/villa-for-sale-dubai-arabian-ranches-3-elie-saab-elie-saab-2-96968744.html
sale,Single row | Golf View | Exclusive,Silver Springs 3,Silver Springs,Damac Hills,Dubai,Townhouse,6,7,3069,PARTLY,6400000,7032967,9,sell,Gabriela Hacatoroglu,Elite Property DXB,,2026-07-01T07:42:12Z,EPS-S-11312,https://www.propertyfinder.ae/en/plp/buy/townhouse-for-sale-dubai-damac-hills-silver-springs-silver-springs-3-110031169.html
sale,Open to Offers | Newly Upgraded | Walk to Pool,Alma 1,Alma,Arabian Ranches,Dubai,Villa,3,4,2748,NO,6000000,6593407,9,sell,Vidhi Jawa,Range International,,2026-06-30T07:51:41Z,RNP-S-4121,https://www.propertyfinder.ae/en/plp/buy/villa-for-sale-dubai-arabian-ranches-alma-alma-1-109480444.html
sale,Motivate Seller | Cheapest 4BR+Maid | Prime Location | Below Market Price,Al Andalus Tower A,Al Andalus,Jumeirah Golf Estates,Dubai,Apartment,4,5,2340,YES,5950000,6538462,9,sell,Saud Al Abdouli,B S M PROPERTY L.L.C,,2026-07-07T12:28:32Z,bsm-72319,https://www.propertyfinder.ae/en/plp/buy/apartment-for-sale-dubai-jumeirah-golf-estates-al-andalus-al-andalus-tower-a-112754521.html
sale,Exclusive | Non-Negotiable | 16% Below OP | Largest Plot,Bora Bora 3,Bora Bora,DAMAC Islands,Dubai,Villa,6,5,5934,NO,5950000,6538462,9,sell,Connor Galley,Luxfolio Real Estate Brokers LLC,,2026-07-18T07:49:14Z,LXF-S-178172,https://www.propertyfinder.ae/en/plp/buy/villa-for-sale-dubai-damac-islands-bora-bora-bora-bora-3-117697487.html
sale,Exclusive| Limited time Offer| Motivated Seller,Emaar South,Golf Links,Dubai South (Dubai World Central),Dubai,Villa,3,3,4820,NO,4090000,4494505,9,sell,Mahmoud Aziz,Haus 51 Real Estate Brokerage,,2026-05-07T12:45:12Z,HAUS51-S2026-91-91,https://www.propertyfinder.ae/en/plp/buy/villa-for-sale-dubai-dubai-south-dubai-world-central-emaar-south-golf-links-86190684.html
sale,3BR+Maid Villa | Fitted | Prime MBR City Location,MAG Eye,,Mohammed Bin Rashid City,Dubai,Villa,3,4,1475,NO,3900000,4285714,9,sell,Abdullah Aman,Urbanity Properties L.L.C  S.O.C,,2026-05-14T13:30:43Z,S-9066-1778763164028,https://www.propertyfinder.ae/en/plp/buy/villa-for-sale-dubai-mohammed-bin-rashid-city-mag-city-mag-eye-89207599.html
sale,WATER VIEW | BEST INVESTMENT | LARGEST LAYOUT,Park Greens,Park Greens,Damac Hills 2,Dubai,Villa,5,5,3724,NO,3450000,3791209,9,sell,Mohamad Samhar,ELITE AGENTS PROPERTIES L.L.C,,2026-07-27T10:19:01Z,ELITE-S-117398,https://www.propertyfinder.ae/en/plp/buy/villa-for-sale-dubai-damac-hills-2-park-greens-121992397.html
sale,TYPE G | 4 BEDS | SINGLE ROW | EXTENDED,Mira Oasis 2,Mira Oasis,Reem,Dubai,Townhouse,4,5,2551,NO,3450000,3791209,9,sell,Harry Howlett,XO,,2026-07-23T10:46:48Z,XO-24621,https://www.propertyfinder.ae/en/plp/buy/townhouse-for-sale-dubai-reem-mira-oasis-mira-oasis-2-120174673.html
sale,Premium Location |Spacious Layout | Lagoon Living,Residential District,South Bay 4,Dubai South (Dubai World Central),Dubai,Townhouse,4,5,1932,NO,3400000,3736264,9,sell,Jeff Raju Kuruvilla,Manifest Real Estate L.L.C,,2026-06-27T08:43:09Z,MREP-S-SOUTHBAY4/3745,https://www.propertyfinder.ae/en/plp/buy/townhouse-for-sale-dubai-dubai-south-dubai-world-central-residential-district-south-bay-south-bay-4-108171090.html
sale,Single Row | Park View | Prime Location,La Tilia 1,La Tilia,Villanova,Dubai,Townhouse,3,4,2109,NO,3100000,3406593,9,sell,Yossef Arab,OMNISPHERE REAL ESTATE L.L.C,,2026-07-15T10:47:55Z,omnisphere-YazAlr28-312,https://www.propertyfinder.ae/en/plp/buy/townhouse-for-sale-dubai-villanova-la-tilia-la-tilia-1-116368654.html
rent,Rare Luxury | Premium Quality |Burj and Canal View,Volante 2,,Business Bay,Dubai,Apartment,4,7,12108,NO,3000000,3296703,9,yearly,Mazen Gabr,Property Market,,2026-07-30T13:28:07Z,PM930072026,https://www.propertyfinder.ae/en/plp/rent/apartment-for-rent-dubai-business-bay-volante-2-123388824.html
sale,HIGH FLOOR | URGENT SALE | PREMIUM VEW,Marquis Elegance,,Arjan,Dubai,Apartment,3,4,1837,NO,2740000,3010989,9,sell,Muhammad Luqman Rafid Ullah Khan,SNH Properties,,2026-07-17T08:22:02Z,ZE3JYN148HBYPGX5ZRJEHS5T78,https://www.propertyfinder.ae/en/plp/buy/apartment-for-sale-dubai-arjan-marquis-elegance-117252869.html
sale,Prime Location | Genuine | 4BHK Townhouse,Costa Brava,Costa Brava 2,Damac Lagoons,Dubai,Townhouse,4,3,1550,NO,2650000,2912088,9,sell,Ronnie Webb,White & Co Real Estate,,2026-07-10T06:25:31Z,RL-227858,https://www.propertyfinder.ae/en/plp/buy/townhouse-for-sale-dubai-damac-lagoons-costa-brava-costa-brava-2-114150604.html
sale,For Investors|End User| South Living |Below Market,South Living,Residential District,Dubai South (Dubai World Central),Dubai,Apartment,3,5,1676,PARTLY,2195000,2412088,9,sell,Khan Fahad Zahoor,Homes 4 Life Real Estate - 71,,2026-07-22T11:58:11Z,H4L-3626895,https://www.propertyfinder.ae/en/plp/buy/apartment-for-sale-dubai-dubai-south-dubai-world-central-residential-district-south-living-119730778.html
sale,Family Home | 3BR plus Maid | Premium Unit,Reportage Village 1,Reportage Village 1,Reportage Village,Dubai,Villa,3,4,1801,NO,2000000,2197802,9,sell,Ravi Bhushan Jha,Limeswood Real Estate,,2026-07-14T13:25:30Z,LWRE-S-348,https://www.propertyfinder.ae/en/plp/buy/villa-for-sale-dubai-reportage-village-reportage-village-1-115935711.html
sale,Corner Townhouse| Near Malibu Beach |Handover 2027,Violet,Violet 3,Damac Hills 2,Dubai,Townhouse,4,3,1832,NO,2000000,2197802,9,sell,Anna Uralova,WHITEWILL REAL ESTATE BROKERS L.L.C,,2026-07-23T08:47:51Z,101470-Go3l40,https://www.propertyfinder.ae/en/plp/buy/townhouse-for-sale-dubai-damac-hills-2-violet-violet-3-120166214.html
sale,Corner Unit | Upgraded | Vastu,Amargo,Amargo,Damac Hills 2,Dubai,Townhouse,3,3,1876,NO,1999999,2197801,9,sell,Zoe King,Huspy Dubai,,2026-06-26T10:17:06Z,Huspy-JRDDEPBR86NBM1EZE965JK85Y8,https://www.propertyfinder.ae/en/plp/buy/townhouse-for-sale-dubai-damac-hills-2-amargo-107739967.html
sale,Premium Apartment | Fully Furnished | Luxury,Kensington Waters A,Kensington Waters,Mohammed Bin Rashid City,Dubai,Apartment,studio,1,478,YES,1090000,1197802,9,sell,Marianne  Moreno Boter,URBAN AVENUE PROPERTIES,,2026-07-23T06:37:22Z,UAP-S-0184,https://www.propertyfinder.ae/en/plp/buy/apartment-for-sale-dubai-mohammed-bin-rashid-city-sobha-hartland-kensington-waters-kensington-waters-a-120161880.html
sale,Motivated | Community View| Prime Location,Dunya Tower,Burj Khalifa Area,Downtown Dubai,Dubai,Apartment,studio,1,401,YES,1089000,1196703,9,sell,Luke Dunne,White & Co Real Estate,,2026-07-16T07:38:35Z,RL-228756,https://www.propertyfinder.ae/en/plp/buy/apartment-for-sale-dubai-downtown-dubai-burj-khalifa-area-dunya-tower-116801055.html
sale,Panoramic Sea Views I Selling Below OP,Oceanz by Danube,Oceanz 2,Maritime City,Dubai,Apartment,studio,1,427,YES,1050000,1153846,9,sell,Mehrgan Peyvandi,Primo Capital,,2026-06-25T08:10:31Z,PRIMO-MEPEY-APT-SA-111,https://www.propertyfinder.ae/en/plp/buy/apartment-for-sale-dubai-maritime-city-oceanz-by-danube-oceanz-2-107279390.html
sale,High Floor | Ready Soon | Motivated seller,Binghatti Hills Tower 2,Binghatti Hills,Dubai Science Park,Dubai,Apartment,studio,1,447,PARTLY,1050000,1153846,9,sell,Ehab Hegazy,MHM Properties,,2026-06-10T12:34:19Z,CNF51VADVDN9ZNAPGFD63PX324,https://www.propertyfinder.ae/en/plp/buy/apartment-for-sale-dubai-dubai-science-park-binghatti-hills-binghatti-hills-tower-2-100851378.html
sale,Bright & Modern Studio | Stunning Canal Views,Waves Tower,,Business Bay,Dubai,Apartment,studio,1,442,YES,1000000,1098901,9,sell,Enrico Rettino,ADVANT EDGE CAPITAL REAL ESTATE L.L.C,,2026-07-01T14:09:30Z,AE-S-161-WT-S,https://www.propertyfinder.ae/en/plp/buy/apartment-for-sale-dubai-business-bay-waves-tower-110080808.html
sale,Modern Studio | Smart Investment | Flexible PP,Binghatti Hills Tower 2,Binghatti Hills,Dubai Science Park,Dubai,Apartment,studio,1,504,NO,1000000,1098901,9,sell,Bashar Damis,Provident Real Estate,,2026-06-19T12:30:10Z,PS-19062615,https://www.propertyfinder.ae/en/plp/buy/apartment-for-sale-dubai-dubai-science-park-binghatti-hills-binghatti-hills-tower-2-104692709.html
sale,Spectacular Canalfront Views | Spacious Studio,Damac Maison Prive A,Damac Maison Prive,Business Bay,Dubai,Apartment,studio,1,432,YES,1000000,1098901,9,sell,Enrico Rettino,ADVANT EDGE CAPITAL REAL ESTATE L.L.C,,2026-06-18T13:46:19Z,AE-S-158-DP-S,https://www.propertyfinder.ae/en/plp/buy/apartment-for-sale-dubai-business-bay-damac-maison-prive-damac-maison-prive-a-104261951.html
sale,Move-In Ready Studio | Fully Furnished & Equipped,MAG 318,,Business Bay,Dubai,Apartment,studio,1,446,YES,1000000,1098901,9,sell,Moustafa Mohamed,ALFORRSA ALDAHABEYA PROPERTIES L.L.C,,2026-06-13T16:10:49Z,FORRSA/MAG-STUDIO/SALE,https://www.propertyfinder.ae/en/plp/buy/apartment-for-sale-dubai-business-bay-mag-318-102012000.html
sale,Motivated Seller | Sea & Burj Khalifa Views | PHPP,Oceanz 3,Oceanz by Danube,Maritime City,Dubai,Apartment,studio,1,428,YES,999999,1098900,9,sell,Esen Khodzhageldyev,Driven Properties,,2026-07-24T07:43:17Z,DPF-S-55556,https://www.propertyfinder.ae/en/plp/buy/apartment-for-sale-dubai-maritime-city-oceanz-by-danube-oceanz-3-120639715.html
sale,Brand New | Big Layout | High Floor | Pool View,Binghatti Hills Tower 2,Binghatti Hills,Dubai Science Park,Dubai,Apartment,studio,1,504,PARTLY,999000,1097802,9,sell,Yossef Arab,OMNISPHERE REAL ESTATE L.L.C,,2026-07-08T11:39:57Z,omnisphere-YosAra20-308,https://www.propertyfinder.ae/en/plp/buy/apartment-for-sale-dubai-dubai-science-park-binghatti-hills-binghatti-hills-tower-2-113266054.html
sale,Spacious 1BR | Closed Kitchen | Community View,Noor 3,Noor,Dubai Production City (IMPZ),Dubai,Apartment,1,2,681,NO,900000,989011,9,sell,Anju  Anil,VIONA PROPERTIES L.L.C,,2026-07-31T07:42:08Z,NJC5EGJAS611F7GGVW370H9JR4,https://www.propertyfinder.ae/en/plp/buy/apartment-for-sale-dubai-dubai-production-city-impz-midtown-noor-noor-3-123820713.html
sale,Cozy Studio | Fully Furnished | Vacant,DAMAC Majestine,,Business Bay,Dubai,Apartment,studio,1,461,YES,750000,824176,9,sell,Kamran Yousaf,AQUA Properties,,2026-05-04T12:17:15Z,AQ-S-26-00491,https://www.propertyfinder.ae/en/plp/buy/apartment-for-sale-dubai-business-bay-damac-majestine-84901735.html
sale,Original Price | Genuine Resale | Multiple Options,Binghatti Hills Tower 2,Binghatti Hills,Dubai Science Park,Dubai,Apartment,studio,1,504,NO,730000,802198,9,sell,Ahmad  Al Khatib,Coldwell Banker - Swap,,2026-06-08T10:38:33Z,CB-S-007688,https://www.propertyfinder.ae/en/plp/buy/apartment-for-sale-dubai-dubai-science-park-binghatti-hills-binghatti-hills-tower-2-99972248.html
sale,Original Price | Multiple Option | Handover Soon,Binghatti Hills Tower 2,Binghatti Hills,Dubai Science Park,Dubai,Apartment,studio,1,504,NO,725000,796703,9,sell,Ahmad  Al Khatib,Coldwell Banker - Swap,,2026-06-08T10:24:59Z,CB-S-007687,https://www.propertyfinder.ae/en/plp/buy/apartment-for-sale-dubai-dubai-science-park-binghatti-hills-binghatti-hills-tower-2-99971069.html
sale,Ready Soon | Great Investment | Brand New,District 13,Binghatti Amberhall,Jumeirah Village Circle,Dubai,Apartment,studio,1,392,NO,700000,769231,9,sell,Ali Hmoud,fam Properties - Branch 28,,2026-07-01T12:57:45Z,PF-rDyu-AS-175008,https://www.propertyfinder.ae/en/plp/buy/apartment-for-sale-dubai-jumeirah-village-circle-district-13-binghatti-amberhall-110073456.html
sale,Best Layout | Chiller Free | Pool View,Azizi Riviera 24,Azizi Riviera,Meydan,Dubai,Apartment,studio,1,328,YES,649000,713187,9,sell,Alexandra Varlot,Luxfolio Real Estate Brokers LLC,,2026-07-22T09:16:31Z,LXF-S-178456,https://www.propertyfinder.ae/en/plp/buy/apartment-for-sale-dubai-meydan-meydan-one-azizi-riviera-azizi-riviera-24-119488940.html
sale,SPACIOUS | Lagoon View |  Near to Handover,Azizi Venice 7 Building E,Azizi Venice 7,Dubai South (Dubai World Central),Dubai,Apartment,studio,1,337,PARTLY,635000,697802,9,sell,Tarik Horani,Homes 4 Life Real Estate - 71,,2026-07-06T11:02:41Z,H4L-3626056,https://www.propertyfinder.ae/en/plp/buy/apartment-for-sale-dubai-dubai-south-dubai-world-central-azizi-venice-azizi-venice-7-azizi-venice-7-building-e-112298589.html
sale,Big Layout | Brand New | High ROI,Golf Vista Heights,,Dubai Sports City,Dubai,Apartment,studio,1,429,NO,590000,648352,9,sell,Akhmed Idigov,Idigov Real Estate,,2026-06-17T14:46:08Z,AP13850-1,https://www.propertyfinder.ae/en/plp/buy/apartment-for-sale-dubai-dubai-sports-city-golf-vista-heights-103715926.html
sale,Vacant Now | Golf Views | Priced to Sell,Carson A,Carson,Damac Hills,Dubai,Apartment,studio,1,405,NO,590000,648352,9,sell,Ciara Buesnel,White & Co Real Estate,,2026-06-02T06:47:55Z,RL-221541,https://www.propertyfinder.ae/en/plp/buy/apartment-for-sale-dubai-damac-hills-carson-carson-a-97366386.html
sale,Waterfront Living | Genuine Resale | Future Metro,Azizi Venice 14 Building A,Azizi Venice 14,Dubai South (Dubai World Central),Dubai,Apartment,studio,1,365,NO,565000,620879,9,sell,Evgueni Hope,Dacha Real Estate,,2026-07-29T12:48:13Z,DREL-11639,https://www.propertyfinder.ae/en/plp/buy/apartment-for-sale-dubai-dubai-south-dubai-world-central-azizi-venice-azizi-venice-14-azizi-venice-14-building-a-122925691.html
rent,Luxury 4BR |  Prime Location | Vacant,Lagoon Views,District One,Mohammed Bin Rashid City,Dubai,Apartment,4,6,4519,NO,540000,593407,9,yearly,Serhii Kucher,Prime Estates Properties,,2026-06-25T09:40:03Z,PP-R-1205131,https://www.propertyfinder.ae/en/plp/rent/apartment-for-rent-dubai-mohammed-bin-rashid-city-district-one-lagoon-views-107287728.html
sale,Investor Deal | Unfurnished | Lagoon view,Azizi Venice 10 Building B,Azizi Venice 10,Dubai South (Dubai World Central),Dubai,Apartment,studio,1,341,NO,530000,582418,9,sell,Emily Kiboi,betterhomes - Motor City,,2026-07-10T13:17:31Z,BH-S-232420,https://www.propertyfinder.ae/en/plp/buy/apartment-for-sale-dubai-dubai-south-dubai-world-central-azizi-venice-azizi-venice-10-azizi-venice-10-building-b-114174750.html
sale,Studio | City View | Fully Furnished | High Floor,Azizi Star,,Al Furjan,Dubai,Apartment,studio,1,391,YES,529998,582415,9,sell,Mohammed Sanaullah,SKD Real Estate Brokerage L.L.C,,2026-07-28T09:49:29Z,S-8815-1785231146217,https://www.propertyfinder.ae/en/plp/buy/apartment-for-sale-dubai-al-furjan-azizi-star-122450845.html
sale,Canal View | Higher floor | Luxury Studio Layout,Elite Sports Residence 5,Elite Sports Residence,Dubai Sports City,Dubai,Apartment,studio,1,467,YES,500000,549451,9,sell,Wahidullah Mohammad Halim,Property Solvers Real Estate Brokers,,2026-06-30T11:12:25Z,PSRE-S-2373,https://www.propertyfinder.ae/en/plp/buy/apartment-for-sale-dubai-dubai-sports-city-elite-sports-residence-elite-sports-residence-5-109498259.html
rent,HUGE LAYOUT | PENTHOUSE |  BEST PRICED,One Park Avenue,Sobha Hartland,Mohammed Bin Rashid City,Dubai,Penthouse,4,4,2963,NO,430000,472527,9,yearly, Jak Silvanian,White & Co Real Estate,,2026-06-29T07:25:23Z,RL-41790,https://www.propertyfinder.ae/en/plp/rent/penthouse-for-rent-dubai-mohammed-bin-rashid-city-sobha-hartland-one-park-avenue-109028180.html
rent,Upgraded|Panoramic Views|Tastefully Furnished,Elite Residence,,Dubai Marina,Dubai,Apartment,4,5,3173,YES,385000,423077,9,yearly,Anastasiya Aksonova,fam Properties - Branch 3,,2026-07-13T07:37:52Z,PF-daME-AR-136452,https://www.propertyfinder.ae/en/plp/rent/apartment-for-rent-dubai-dubai-marina-elite-residence-115464657.html
rent,4 Bedrooms | Upgraded | Palm And Sea View,Elite Residence,,Dubai Marina,Dubai,Apartment,4,5,3173,YES,385000,423077,9,yearly,Ben Bandari,BENCO REAL ESTATE L.L.C,,2026-07-06T10:14:31Z,Benan-R-107902,https://www.propertyfinder.ae/en/plp/rent/apartment-for-rent-dubai-dubai-marina-elite-residence-112294422.html
rent,4BHK + Maid | Sea View Balcony | Prime Location,Elite Residence,,Dubai Marina,Dubai,Apartment,4,5,3173,YES,385000,423077,9,yearly,Naseem AhmedH,EXPERT PROPERTIES L.L.C,,2026-06-23T05:26:44Z,101708-k2aov-HAM2-R-X4-PM-PF-1,https://www.propertyfinder.ae/en/plp/rent/apartment-for-rent-dubai-dubai-marina-elite-residence-106390249.html
rent,FULLY FURNISHED | LUXURY LIVING | AVAILABLE IN MAY,Elite Residence,,Dubai Marina,Dubai,Apartment,4,5,3173,YES,385000,423077,9,yearly,Semhar Ogbamichael,Rens Properties,,2026-06-22T10:33:54Z,RPI-RGS-22062602,https://www.propertyfinder.ae/en/plp/rent/apartment-for-rent-dubai-dubai-marina-elite-residence-105970645.html
rent,Golf View | Penthouse | View Today,Al Andalus Tower A,Al Andalus,Jumeirah Golf Estates,Dubai,Apartment,4,5,2340,YES,320000,351648,9,yearly,Thomas Barnett,Mirabella Properties,,2026-07-07T04:03:58Z,MRP-R-1418,https://www.propertyfinder.ae/en/plp/rent/apartment-for-rent-dubai-jumeirah-golf-estates-al-andalus-al-andalus-tower-a-112729617.html
rent,Upgraded Rare Duplex 4br + Maids | Vacant,Azure,,Dubai Marina,Dubai,Apartment,4,4,2543,NO,300000,329670,9,yearly,Tolgahan Aydemir,fam Properties - Branch 10,,2026-07-07T09:07:31Z,PF-ljRu-AR-174797,https://www.propertyfinder.ae/en/plp/rent/apartment-for-rent-dubai-dubai-marina-azure-112739820.html
rent,Furnished | Converted Duplex | Ready to move in,Azure,,Dubai Marina,Dubai,Apartment,4,3,2544,YES,300000,329670,9,yearly,Nav Bamrah,Arte Extreme Properties,,2026-07-04T09:08:23Z,XSW9FV9R2AW005P75PSPW5N6TR,https://www.propertyfinder.ae/en/plp/rent/apartment-for-rent-dubai-dubai-marina-azure-111409648.html
rent,Panoramic | Spacious Layout | Sea View,Al Fattan Marine Tower,Al Fattan Marine Towers,Jumeirah Beach Residence,Dubai,Apartment,4,4,3707,NO,290000,318681,9,yearly,Jasper Robinson,White & Co Real Estate,,2026-07-23T06:18:50Z,RL-214183,https://www.propertyfinder.ae/en/plp/rent/apartment-for-rent-dubai-jumeirah-beach-residence-al-fattan-marine-towers-al-fattan-marine-tower-120161447.html
rent,HIGH FLOOR | NEW | BURJ KHALIFA VIEW | SPACIOUS,Crest Grande,Sobha Hartland,Mohammed Bin Rashid City,Dubai,Apartment,4,6,2219,NO,290000,318681,9,yearly,Dmitrii Bobylev,NEGINSKIY BUREAU REAL ESTATE L.L.C,,2026-06-19T06:44:34Z,CrestGrande3802_DmitriiB,https://www.propertyfinder.ae/en/plp/rent/apartment-for-rent-dubai-mohammed-bin-rashid-city-sobha-hartland-crest-grande-104670067.html
rent,Rare 4BR + Maid | Huge Layout | Prime GPR Location,Al Fattan Marine Tower,Al Fattan Marine Towers,Jumeirah Beach Residence,Dubai,Apartment,4,5,3710,NO,265000,291209,9,yearly,Mustafa Duduoglu,PRIME RICHMOND PROPERTIES L.L.C,,2026-08-03T08:56:16Z,YAZG6T220721TVP64FAWEP4MSC953AFMTJR1,https://www.propertyfinder.ae/en/plp/rent/apartment-for-rent-dubai-jumeirah-beach-residence-al-fattan-marine-towers-al-fattan-marine-tower-125161262.html
rent,Furnished Luxury Sea‑View | 4BR +Maid Unit,Al Fattan Marine Tower,Al Fattan Marine Towers,Jumeirah Beach Residence,Dubai,Apartment,4,5,3710,NO,265000,291209,9,yearly,Gulnaz Muminova,PRIME RICHMOND PROPERTIES L.L.C,,2026-08-03T08:52:10Z,J18W8CN6CJK510A5TW5P8CQ4ZC753AFMT,https://www.propertyfinder.ae/en/plp/rent/apartment-for-rent-dubai-jumeirah-beach-residence-al-fattan-marine-towers-al-fattan-marine-tower-125160864.html
rent,Ain Dubai & Sea View | 4BR + Maid | Unfurnished,Al Fattan Marine Tower,Al Fattan Marine Towers,Jumeirah Beach Residence,Dubai,Apartment,4,5,3710,NO,265000,291209,9,yearly,Mustafa Duduoglu,PRIME RICHMOND PROPERTIES L.L.C,,2026-08-03T08:24:04Z,H8K1M7JKPTTNN1H0DFXV411Y8WAFMTU853JR,https://www.propertyfinder.ae/en/plp/rent/apartment-for-rent-dubai-jumeirah-beach-residence-al-fattan-marine-towers-al-fattan-marine-tower-125157521.html
rent,Sea View 4BR+Maid |Unfurnished| | Al Fattan Marine,Al Fattan Marine Tower,Al Fattan Marine Towers,Jumeirah Beach Residence,Dubai,Apartment,4,5,3710,NO,265000,291209,9,yearly,Ayla Daniiarova,PRIME RICHMOND PROPERTIES L.L.C,,2026-08-03T08:20:35Z,E9ETMYTSF437GFN1BYCX7CFA50U553AFMT,https://www.propertyfinder.ae/en/plp/rent/apartment-for-rent-dubai-jumeirah-beach-residence-al-fattan-marine-towers-al-fattan-marine-tower-125157356.html
rent,VACANT | Multiple Units Ready | Prime Location,Al Fattan Marine Tower,Al Fattan Marine Towers,Jumeirah Beach Residence,Dubai,Apartment,4,6,3710,NO,265000,291209,9,yearly,Santina Iantosca,haus & haus,,2026-07-13T12:03:16Z,LOF260418,https://www.propertyfinder.ae/en/plp/rent/apartment-for-rent-dubai-jumeirah-beach-residence-al-fattan-marine-towers-al-fattan-marine-tower-115484828.html
rent,High Floor | Brand New | Burj View | 4 BR,Crest Grande,Sobha Hartland,Mohammed Bin Rashid City,Dubai,Apartment,4,6,2218,NO,249999,274724,9,yearly,Sam Sunder Jyoti,Sky View Real Estate - Hessa St,,2026-07-28T12:45:54Z,SkyView-35084,https://www.propertyfinder.ae/en/plp/rent/apartment-for-rent-dubai-mohammed-bin-rashid-city-sobha-hartland-crest-grande-122465210.html
rent,Spacious 1BR Apartment | Fully Furnished,Meera,Al Habtoor City,Business Bay,Dubai,Apartment,1,2,883,YES,105000,115385,9,yearly,Mussadiq Saleem Akhtar,PropertyShoma Real Estate,,2026-08-05T08:58:24Z,VE45D7WYPKPFFMMA8NAHVMGX20,https://www.propertyfinder.ae/en/plp/rent/apartment-for-rent-dubai-business-bay-al-habtoor-city-meera-126094059.html
rent,3BR Apt | Chiller Free | Multiple CH,The Nook 2,The Nook,Wasl Gate,Dubai,Apartment,3,2,1000,NO,100000,109890,9,yearly,Lilibeth Saito,PropertyShoma Real Estate,,2026-08-05T13:23:49Z,EA3TQQ1M7A3DRRMRZ9S05J669M,https://www.propertyfinder.ae/en/plp/rent/apartment-for-rent-dubai-wasl-gate-the-nook-the-nook-2-126115532.html
rent,Steps to Miracle Garden|Cozy Furnished|Vacant Now,Skyz by Danube,,Arjan,Dubai,Apartment,studio,1,364,YES,50000,54945,9,yearly,Olga Pankina,WHITEWILL REAL ESTATE BROKERS L.L.C,,2026-08-04T14:04:46Z,101470-od5axM,https://www.propertyfinder.ae/en/plp/rent/apartment-for-rent-dubai-arjan-skyz-by-danube-125657549.html
rent,Fully Furnished Studio | Balcony | 4 Cheques,Elite Sports Residence 2,Elite Sports Residence,Dubai Sports City,Dubai,Apartment,studio,1,481,YES,40000,43956,9,yearly,Ankita Havelia,TRINITY REAL ESTATE BROKERS L.L.C,,2026-08-04T13:52:47Z,EliteResidence1BedsRent,https://www.propertyfinder.ae/en/plp/rent/apartment-for-rent-dubai-dubai-sports-city-elite-sports-residence-elite-sports-residence-2-125656402.html
sale,"12,500 sqft BUA | Iconic Location| Large Plot| G+2",Signature Villas Frond I,Signature Villas,Palm Jumeirah,Dubai,Villa,6,7,16715,YES,84500000,91847826,8,sell,Michael McSorley,OAK STREET REAL ESTATE BROKER L.L.C,,2026-07-29T13:27:47Z,RCDNSBMJBYPPEAGKJJTM6J1NH0,https://www.propertyfinder.ae/en/plp/buy/villa-for-sale-dubai-palm-jumeirah-signature-villas-signature-villas-frond-i-122928809.html
sale,Private Pool | Luxury Residence | Handover Q2 2027,Serenity Mansions,Serenity Mansions,Tilal Al Ghaf,Dubai,Villa,6,7+,10125,NO,28000000,30434783,8,sell,Vijayata Singh,Autograph by Deja Vu Real Estate,,2026-07-04T08:31:40Z,AG-RS-7046,https://www.propertyfinder.ae/en/plp/buy/villa-for-sale-dubai-tilal-al-ghaf-serenity-mansions-111407165.html
sale,Private Pool | Elegant Living | Huge Layout,District 11,Knightsbridge 2,Mohammed Bin Rashid City,Dubai,Villa,6,6,8898,NO,22000000,23913043,8,sell,Mohammad Rayyan Ahmad,MNR Real Estate LLC,,2026-06-09T12:16:34Z,mnrrealestate-45478145,https://www.propertyfinder.ae/en/plp/buy/villa-for-sale-dubai-mohammed-bin-rashid-city-district-11-knightsbridge-2-100413458.html
sale,Luxury 6BR Villa | The Acres by Meraas,The Acres (Phase 3),The Acres,Dubai Land,Dubai,Villa,6,7,10407,PARTLY,19500000,21195652,8,sell,Baldev Singh Dagar,The G O A T Real Estate,,2026-07-01T10:36:01Z,88CB593ATZJJ0MYGERTNAEZ4AR,https://www.propertyfinder.ae/en/plp/buy/villa-for-sale-dubai-dubai-land-the-acres-the-acres-phase-3-110047399.html
sale,Ultra-Luxury Apt | Burj Khalifa View | High Floor,Kempinski BLVD,,Downtown Dubai,Dubai,Apartment,4,6,2840,YES,17000000,18478261,8,sell,Shubhojeet Dutta,Luxury Concierge Real Estate,,2026-07-21T09:51:45Z,LCRE-S-KUNAL-00020,https://www.propertyfinder.ae/en/plp/buy/apartment-for-sale-dubai-downtown-dubai-kempinski-blvd-119033488.html
sale,Corner Plot | Signature Villa | Pool & Gym,Jouri Hills,Jouri Hills,Jumeirah Golf Estates,Dubai,Villa,5,7,7613,NO,16500000,17934783,8,sell,Sophie Brookes,Treo Homes,,2026-07-27T12:10:51Z,TREO-S-055241,https://www.propertyfinder.ae/en/plp/buy/villa-for-sale-dubai-jumeirah-golf-estates-jouri-hills-121999781.html
sale,1M AED under OP | Huge Plot | Exclusive,The Acres (Phase 2),The Acres,Dubai Land,Dubai,Villa,5,7,9235,NO,15000000,16304348,8,sell,Rosie Poole,haus & haus,,2026-07-06T09:29:20Z,DOW260581,https://www.propertyfinder.ae/en/plp/buy/villa-for-sale-dubai-dubai-land-the-acres-the-acres-phase-2-112290678.html
sale,Vacant | Brand New | Community Specialist,Nad Al Sheba 1,Nad Al Sheba Gardens 2,Nad Al Sheba,Dubai,Villa,4,5,4809,NO,11500000,12500000,8,sell,Omar Mohammed ,DNL Properties LLC,,2026-07-24T07:16:33Z,DNL-S-13471,https://www.propertyfinder.ae/en/plp/buy/villa-for-sale-dubai-nad-al-sheba-nad-al-sheba-1-nad-al-sheba-gardens-nad-al-sheba-gardens-2-120638784.html
sale,Vacant Soon | Legacy | Central Location | Call now,District 9,Legacy Nova Villas,Jumeirah Park,Dubai,Villa,4,5,7965,NO,10999999,11956521,8,sell,Archie Adams,haus & haus,,2026-07-08T12:08:36Z,ADM244298,https://www.propertyfinder.ae/en/plp/buy/villa-for-sale-dubai-jumeirah-park-district-9-legacy-nova-villas-113269028.html
sale,Spacious Family Home | Large Plot | Motivated Sell,District 9,Legacy Nova Villas,Jumeirah Park,Dubai,Villa,4,5,6039,YES,10500000,11413043,8,sell,Salik Aziz,Fidu Properties,,2026-07-13T08:44:53Z,FID-S-44201,https://www.propertyfinder.ae/en/plp/buy/villa-for-sale-dubai-jumeirah-park-district-9-legacy-nova-villas-115469402.html
sale,Spacious Villa | Large Plot | 4BR,District 9,Legacy Nova Villas,Jumeirah Park,Dubai,Villa,4,3,6038,YES,10500000,11413043,8,sell,Katrin Han,HANLAND REAL ESTATE L.L.C,,2026-07-10T11:56:51Z,hanland-real-estate-54307,https://www.propertyfinder.ae/en/plp/buy/villa-for-sale-dubai-jumeirah-park-district-9-legacy-nova-villas-114169209.html
sale,5 bed |Corner |Premium location |Motivated Seller,The Acres (Phase 2),The Acres,Dubai Land,Dubai,Villa,5,6,6297,YES,9750000,10597826,8,sell,Jamshid Abdullaev,Vostok Real Estate,,2026-07-08T07:52:34Z,NA19HH7MNQ8EZGX9XK4MFYZCD8,https://www.propertyfinder.ae/en/plp/buy/villa-for-sale-dubai-dubai-land-the-acres-the-acres-phase-2-113246308.html
sale,Motivated seller  | Brand New | Payment plan,Opal Gardens,District 11,Mohammed Bin Rashid City,Dubai,Villa,4,6,6431,PARTLY,9699990,10543467,8,sell,Michael Ansah,betterhomes - Business Bay,,2026-07-07T06:48:00Z,BH-S-229514-1,https://www.propertyfinder.ae/en/plp/buy/villa-for-sale-dubai-mohammed-bin-rashid-city-district-11-opal-gardens-112731261.html
sale,Community Specialist | Vastu | 4BR Standalone,Opal Gardens,District 11,Mohammed Bin Rashid City,Dubai,Villa,4,6,6431,NO,9400000,10217391,8,sell,Ellinor Habibi,Provident Real Estate,,2026-07-14T08:15:08Z,PS-14072610,https://www.propertyfinder.ae/en/plp/buy/villa-for-sale-dubai-mohammed-bin-rashid-city-district-11-opal-gardens-115913812.html
sale,Type H | Ready | Private Swimming Pool,Jebel Ali Village Villas,Jebel Ali Village,Jebel Ali,Dubai,Villa,4,6,7065,NO,9199999,9999999,8,sell,Moiz Khoja Haidar Ali ,MK REAL ESTATE L.L.C,,2026-06-29T07:35:37Z,MKRea-S-105119,https://www.propertyfinder.ae/en/plp/buy/villa-for-sale-dubai-jebel-ali-jebel-ali-village-jebel-ali-village-villas-109028612.html
sale,Fully Furnished | Renovated | Premium,Bluewaters Residences Building 1,Bluewaters Residences,Bluewaters,Dubai,Apartment,2,3,1479,YES,7800000,8478261,8,sell,Aleksandr Vereshchagin,LUXURY RESIDENCES REAL ESTATE LLC,,2026-07-30T08:58:32Z,LR-AV315,https://www.propertyfinder.ae/en/plp/buy/apartment-for-sale-dubai-bluewaters-bluewaters-residences-bluewaters-residences-building-1-123368140.html
sale,Greenbelt | Steps from the Pool | Vacant,Elie Saab,Elie Saab 2,Arabian Ranches 3,Dubai,Villa,4,6,4919,NO,7800000,8478261,8,sell,Vincent Beauvais,White & Co Real Estate,,2026-07-17T12:54:02Z,RL-169026,https://www.propertyfinder.ae/en/plp/buy/villa-for-sale-dubai-arabian-ranches-3-elie-saab-elie-saab-2-117270657.html
sale,Unfurnished | Prime Location | Inquire Now,Elie Saab,Elie Saab 2,Arabian Ranches 3,Dubai,Villa,4,5,4919,NO,7800000,8478261,8,sell,Johnson Antonio,Acre Marks Real Estate,,2026-07-02T11:55:49Z,AM-S-00108,https://www.propertyfinder.ae/en/plp/buy/villa-for-sale-dubai-arabian-ranches-3-elie-saab-elie-saab-2-110522155.html
sale,Spacious Luxury Living | 5BR + Maid Duet Villa |,Yasmina Villas,Expo Valley,Expo City,Dubai,Villa,5,6,4612,NO,7550000,8206522,8,sell,Rita Talreja,Homes 4 Life Real Estate LLC,,2026-06-16T07:50:21Z,H4L-3625094,https://www.propertyfinder.ae/en/plp/buy/villa-for-sale-dubai-expo-city-expo-valley-yasmina-villas-103242238.html
sale,Single Row | Near Completion | Lowest Price,Emaar South,Fairway Villas 2,Dubai South (Dubai World Central),Dubai,Villa,4,4,4934,NO,6000000,6521739,8,sell,Mohammad Ahmed Sheikh,Driven Properties,,2026-07-21T13:40:22Z,DPF-S-54986,https://www.propertyfinder.ae/en/plp/buy/villa-for-sale-dubai-dubai-south-dubai-world-central-emaar-south-fairway-villas-2-119049973.html
sale,Fully Upgraded Single Row Standalone Villa V3 Type,Claret,Claret,Damac Hills 2,Dubai,Villa,6,7,4580,NO,6000000,6521739,8,sell,Nisha Shetty,Positive Properties,,2026-07-03T11:47:39Z,Posit-S-107247,https://www.propertyfinder.ae/en/plp/buy/villa-for-sale-dubai-damac-hills-2-claret-110973394.html
sale,4BHK+Maid | Gated Community | Polo Townhouses,Meydan Gated Community,The Polo Townhouses,Meydan,Dubai,Townhouse,4,6,2848,NO,6000000,6521739,8,sell,Rami Ahmad,GRAND LAND REAL ESTATE BROKER,,2026-05-07T13:09:19Z,GL0000000208,https://www.propertyfinder.ae/en/plp/buy/townhouse-for-sale-dubai-meydan-meydan-gated-community-the-polo-townhouses-86192489.html
sale,Large Plot | Semi-Detached | High-End Quality,Residential District,South Bay 5,Dubai South (Dubai World Central),Dubai,Villa,5,7,4218,YES,5500000,5978261,8,sell,Houd Ahmad,Luxury Experts Real Estate,,2026-07-22T11:05:15Z,Luxur-S-115289,https://www.propertyfinder.ae/en/plp/buy/villa-for-sale-dubai-dubai-south-dubai-world-central-residential-district-south-bay-south-bay-5-119727660.html
sale,Lagoon Living | 5 bed | Luxury,Residential District,South Bay 2,Dubai South (Dubai World Central),Dubai,Villa,5,6,4219,NO,5500000,5978261,8,sell,James Yallop,Allsopp & Allsopp - Motor City Sales,,2026-06-22T06:08:09Z,L-293332,https://www.propertyfinder.ae/en/plp/buy/villa-for-sale-dubai-dubai-south-dubai-world-central-residential-district-south-bay-south-bay-2-105950635.html
sale,Investors deal - corner plot - largest 4 BR,Emaar South,Greenway,Dubai South (Dubai World Central),Dubai,Villa,4,6,3463,NO,4500000,4891304,8,sell,Talhaa Anis Ul Hassan,Homes 4 Life Real Estate - 71,,2026-06-05T12:55:51Z,H4L-3624690,https://www.propertyfinder.ae/en/plp/buy/villa-for-sale-dubai-dubai-south-dubai-world-central-emaar-south-greenway-98705543.html
sale,At OP | Below market | Bigger plot | Vastu,Avena 1,Avena,The Valley,Dubai,Villa,4,5,3892,NO,4485000,4875000,8,sell,Mohamad Ifthihan Mohamad Ishak,Union Square House Real Estate,,2026-07-27T08:10:36Z,V6SKYQ9X39HTHP04AAHRE0S3J8,https://www.propertyfinder.ae/en/plp/buy/villa-for-sale-dubai-the-valley-avena-avena-1-121981975.html
sale,3 Bed | Maids Townhouse | PHPP | Expo City,Shamsa Townhouse,Expo Valley,Expo City,Dubai,Villa,3,4,1883,NO,3950000,4293478,8,sell,Michael Kiflezghi,Allsopp & Allsopp -Business Bay,,2026-05-13T10:55:16Z,L-299832,https://www.propertyfinder.ae/en/plp/buy/villa-for-sale-dubai-expo-city-expo-valley-shamsa-townhouse-88752266.html
sale,Genuine Unit | No Brokers | Investor Deal,Bahamas 1,Damac Islands 2,Dubai Land,Dubai,Villa,5,6,2495,NO,3750000,4076087,8,sell,Priyanka Sharma,HABSTONE HOMES REAL ESTATE,,2026-06-16T18:21:27Z,9CVGK338KXGG9ATA98VNNXGMJ8,https://www.propertyfinder.ae/en/plp/buy/villa-for-sale-dubai-damac-islands-2-dubai-land-bahamas-1-103279979.html
sale,Biggest Plot | Corner Unit | Exclusive,Lillia,Lillia,The Valley,Dubai,Villa,4,5,3809,YES,3700000,4021739,8,sell,Muaarib Raza Khan,BELGRAVIA BAYT REAL ESTATE L.L.C,,2026-07-14T10:26:31Z,HBMAW9SK114K59PSXZ9ZYMQCD4,https://www.propertyfinder.ae/en/plp/buy/villa-for-sale-dubai-the-valley-lillia-115923828.html
sale,Single Row | 4 Ensuite Bedrooms | Spacious,The Pulse,The Pulse Villas,Dubai South (Dubai World Central),Dubai,Villa,4,5,2163,NO,3700000,4021739,8,sell,Ibraheem Albayati,INTERBAY REAL ESTATE L.L.C,,2026-07-07T05:47:33Z,W8P6KSVEQ98C503JTAE0G54WDR,https://www.propertyfinder.ae/en/plp/buy/villa-for-sale-dubai-dubai-south-dubai-world-central-the-pulse-the-pulse-villas-112730309.html
sale,BIG PLOT I EXCLUSIVE 5BR I UNFURNISHED,Monte Carlo,Monte Carlo,Damac Lagoons,Dubai,Villa,5,6,2364,NO,3600000,3913043,8,sell,Muhammet Bayram Ceylan,P AND P PROPERTIES,,2026-06-19T08:01:53Z,JMS-2603079tgbUO2,https://www.propertyfinder.ae/en/plp/buy/villa-for-sale-dubai-damac-lagoons-monte-carlo-104673594.html
sale,Luxury Townhouse|| Prime Location || Investor Deal,Athlon by Aldar,Theon at Athlon,Dubai Land,Dubai,Villa,3,4,1980,NO,3500000,3804348,8,sell,Muhammad Soman Imtiaz Malik Imtiaz Khalid ,Throne Properties,,2026-07-13T10:00:36Z,Muq026-iv-sell,https://www.propertyfinder.ae/en/plp/buy/villa-for-sale-dubai-dubai-land-athlon-by-aldar-theon-at-athlon-115475226.html
sale,Corner Plot | Great Location | Family Home,Safi,Safi Townhouses,Town Square,Dubai,Townhouse,4,4,3047,NO,3500000,3804348,8,sell,Lewis Mawson,Strada,,2026-07-22T11:35:50Z,L-185330,https://www.propertyfinder.ae/en/plp/buy/townhouse-for-sale-dubai-town-square-safi-safi-townhouses-119729501.html
sale,Brand New | Park Backing | High ROI,Taormina Village,Taormina Village 1,Majan,Dubai,Townhouse,4,5,1841,NO,3500000,3804348,8,sell,Lloyd Thompson,Strada,,2026-07-14T06:25:21Z,L-184932,https://www.propertyfinder.ae/en/plp/buy/townhouse-for-sale-dubai-majan-taormina-village-taormina-village-1-115909254.html
sale,BURJ VIEW | HANDED OVER | BACK 2 BACK,District 11,Elie Saab VIE Townhouses,Mohammed Bin Rashid City,Dubai,Villa,4,5,2015,NO,3400000,3695652,8,sell,Nicolas Mera,SEROVIA PROPERTIES L.L.C,,2026-06-07T13:50:56Z,SPESTFC14560226,https://www.propertyfinder.ae/en/plp/buy/villa-for-sale-dubai-mohammed-bin-rashid-city-district-11-elie-saab-vie-townhouses-99553960.html
sale,Single Row | Negotiable | Genuine | AR3 Expert,Ruba,Ruba,Arabian Ranches 3,Dubai,Villa,3,4,2080,YES,3299999,3586955,8,sell,Rana Tauseeq Azam,McCone Properties,,2026-07-27T11:04:16Z,MCC-S-72042-7,https://www.propertyfinder.ae/en/plp/buy/villa-for-sale-dubai-arabian-ranches-3-ruba-121995221.html
sale,Prime Location | Corner Unit | Best Price,Dubai Investment Park 2 (DIP 2),Lush,Dubai Investment Park (DIP),Dubai,Villa,5,6,2364,NO,3250000,3532609,8,sell,Alisher Davlatov,fam Master Agency,,2026-07-27T06:57:28Z,PF-FZYw-VS-175091,https://www.propertyfinder.ae/en/plp/buy/villa-for-sale-dubai-dubai-investment-park-dip-dubai-investment-park-2-dip-2-damac-riverside-lush-121978468.html
sale,Close to Amenities | Call Now | No Agents | Vacant,Emaar South,Parkside 3,Dubai South (Dubai World Central),Dubai,Townhouse,4,4,2548,NO,2800000,3043478,8,sell,Bakht Awar Akbar,R N S REAL ESTATE BROKERAGE L.L.C,,2026-07-17T11:42:20Z,rnsbakhi-VNTR,https://www.propertyfinder.ae/en/plp/buy/townhouse-for-sale-dubai-dubai-south-dubai-world-central-emaar-south-parkside-3-117265983.html
sale,Motivated Seller | Vacant | Call Now | Negotiable,Emaar South,Parkside 2,Dubai South (Dubai World Central),Dubai,Townhouse,4,4,2550,NO,2800000,3043478,8,sell,Bakht Awar Akbar,R N S REAL ESTATE BROKERAGE L.L.C,,2026-07-16T11:56:39Z,rnsbakhi-N24C,https://www.propertyfinder.ae/en/plp/buy/townhouse-for-sale-dubai-dubai-south-dubai-world-central-emaar-south-parkside-2-116817455.html
sale,Modern Townhouse | Family Community | Spacious,Ibiza,Ibiza,Damac Lagoons,Dubai,Townhouse,4,3,1550,NO,2450000,2663043,8,sell,Alev Oncu,Driven Properties,,2026-07-20T12:12:29Z,DPF-S-55057,https://www.propertyfinder.ae/en/plp/buy/townhouse-for-sale-dubai-damac-lagoons-ibiza-118593217.html
rent,Hello Gorgeous | Cinema Nights |Beach Here,Balqis Residences-Garden Villas,Balqis Residences,Palm Jumeirah,Dubai,Apartment,5,7,13968,YES,2399999,2608695,8,yearly,Lauren Elliott,White & Co Real Estate,,2026-05-28T09:54:59Z,RL-220981,https://www.propertyfinder.ae/en/plp/rent/apartment-for-rent-dubai-palm-jumeirah-the-crescent-kingdom-of-sheba-balqis-residences-balqis-residences-garden-villas-95285972.html
sale,SINGLE ROW | VACANT | BRAND NEW | LARGE PLOT,Verona,Verona,Damac Hills 2,Dubai,Townhouse,4,4,2010,NO,2350000,2554348,8,sell,Alexander Webb,Allsopp & Allsopp - Motor City Sales,,2026-06-12T10:05:12Z,L-302148,https://www.propertyfinder.ae/en/plp/buy/townhouse-for-sale-dubai-damac-hills-2-verona-101706753.html
sale,Duplex 3BR Fully Upgraded Unit | With 2 Parking's,Binghatti Avenue,,Al Jaddaf,Dubai,Apartment,3,3,1746,NO,2300000,2500000,8,sell,Ali Abbas,Royal Place Real Estate,,2026-07-14T11:55:53Z,ALI-078S,https://www.propertyfinder.ae/en/plp/buy/apartment-for-sale-dubai-al-jaddaf-binghatti-avenue-115929962.html
sale,Park Backing | Single Row | New | Vacant,Camelia,Camelia,Damac Hills 2,Dubai,Villa,4,4,1208,NO,2300000,2500000,8,sell,Alexander Webb,Allsopp & Allsopp - Motor City Sales,,2026-06-18T12:52:10Z,L-299399,https://www.propertyfinder.ae/en/plp/buy/villa-for-sale-dubai-damac-hills-2-camelia-104258651.html
sale,Vacant | Huge TH with Maid's Room | Roof Garden,Autumn 2,Autumn,Jumeirah Village Circle,Dubai,Townhouse,4,5,1447,NO,2300000,2500000,8,sell,Maidina Aikebai,Driven Properties,,2026-07-15T06:29:46Z,DP-S-62475,https://www.propertyfinder.ae/en/plp/buy/townhouse-for-sale-dubai-jumeirah-village-circle-district-15-seasons-community-autumn-autumn-2-116354296.html
sale,4 Beds | Corner Unit | Single Row,Natura,Natura,Damac Hills 2,Dubai,Townhouse,4,4,2103,NO,1800000,1956522,8,sell,Khalid Hassan Bushra,WADI ALNEEL PROPERTIES L.L.C,,2026-07-09T18:58:47Z,JD6G3QP20R57TBWSPTBMM675W4,https://www.propertyfinder.ae/en/plp/buy/townhouse-for-sale-dubai-damac-hills-2-natura-113738620.html
sale,Elegant Furnished | Premium Apartment | High Floor,UPSIDE Living,,Business Bay,Dubai,Apartment,studio,1,564,YES,1650000,1793478,8,sell,Parisa Shahbazi,Driven Properties,,2026-07-18T09:46:54Z,DP-S-62622,https://www.propertyfinder.ae/en/plp/buy/apartment-for-sale-dubai-business-bay-upside-living-117703834.html
sale,Large Layout | High Floor | Furnished | Best Value,UPSIDE Living,,Business Bay,Dubai,Apartment,studio,1,563,YES,1650000,1793478,8,sell,Anastasiia Mbarek,fam Properties - Branch 26,,2026-06-19T08:18:46Z,PF-dVNd-AS-162669,https://www.propertyfinder.ae/en/plp/buy/apartment-for-sale-dubai-business-bay-upside-living-104675069.html
rent,Premium Penthouse | Burj Khalifa View | Spacious,Opera Grand,Burj Khalifa Area,Downtown Dubai,Dubai,Apartment,5,7,7454,NO,1649999,1793477,8,yearly,Magdalena Wieczorek,Driven Properties,,2026-07-03T10:50:14Z,DP-R-64120,https://www.propertyfinder.ae/en/plp/rent/apartment-for-rent-dubai-downtown-dubai-burj-khalifa-area-opera-grand-110968843.html
rent,Resort Style | Bright & Spacious Layout,Serenia Living Tower 2,Serenia Living,Palm Jumeirah,Dubai,Apartment,4,5,4461,NO,1200000,1304348,8,yearly,James Hatton,Barnes International Realty,,2026-07-22T15:08:40Z,BARNES-16265,https://www.propertyfinder.ae/en/plp/rent/apartment-for-rent-dubai-palm-jumeirah-serenia-living-serenia-living-tower-2-119739417.html
sale,Vacant I Prime Location I Exclusive,Azizi Riviera Azure,Azizi Riviera,Meydan,Dubai,Apartment,studio,1,339,NO,1200000,1304348,8,sell,Somon Odinaev,Chestertons International Commercial,,2026-07-31T09:41:42Z,AP22187,https://www.propertyfinder.ae/en/plp/buy/apartment-for-sale-dubai-meydan-meydan-one-azizi-riviera-azizi-riviera-azure-123826679.html
sale,BEAUTIFUL POOL VIEW | FULLY FURNISHED | BRAND NEW,Arbor View,,Arjan,Dubai,Apartment,studio,1,510,YES,1100000,1195652,8,sell,Mohammed Nadir Benamar,D R N Real Estate,,2026-06-26T12:19:32Z,drnre-S-26.06.05,https://www.propertyfinder.ae/en/plp/buy/apartment-for-sale-dubai-arjan-arbor-view-107747873.html
sale,Spacious Layout | Premium Living | Resale,Skyhills Astra Tower A,Skyhills Astra,Dubai Science Park,Dubai,Apartment,studio,1,525,YES,1015000,1103261,8,sell,Rami Abduljawad,ALMASIYA REAL ESTATE,,2026-07-21T05:46:46Z,ARE-SS-2107261,https://www.propertyfinder.ae/en/plp/buy/apartment-for-sale-dubai-dubai-science-park-skyhills-astra-skyhills-astra-tower-a-119021585.html
sale,HIGH FLOOR UNIT | FURNISHED | PERFECTLY PRICED,MAG 330,,City of Arabia,Dubai,Apartment,studio,1,593,YES,899999,978260,8,sell,Madhav Jakhotia,Classic Properties Real Estate,,2026-07-13T13:38:50Z,CPR2084,https://www.propertyfinder.ae/en/plp/buy/apartment-for-sale-dubai-city-of-arabia-mag-330-115491743.html
sale,BRAND NEW | BIGGER LAYOUT | SMART INVESTMENT,District 17,Avant Garde Residences,Jumeirah Village Circle,Dubai,Apartment,studio,1,455,PARTLY,795000,864130,8,sell,Farrah Bukhari,HOMIFY PROPERTIES L.L.C,,2026-07-08T05:59:48Z,H-FR-AVNTG-ST,https://www.propertyfinder.ae/en/plp/buy/apartment-for-sale-dubai-jumeirah-village-circle-district-17-avant-garde-residences-113242601.html
sale,Modern Layout | Furnished | Prime Location,Burj Al Nujoom,,Downtown Dubai,Dubai,Apartment,studio,1,443,YES,780000,847826,8,sell,Maricel Lubaton,Desea Global Properties LLC,,2026-07-06T10:36:34Z,Nia-S-06072601,https://www.propertyfinder.ae/en/plp/buy/apartment-for-sale-dubai-downtown-dubai-burj-al-nujoom-112296068.html
sale,Handover Soon | Original Price | Inquire Now,Binghatti Hills Tower 2,Binghatti Hills,Dubai Science Park,Dubai,Apartment,studio,1,504,NO,740000,804348,8,sell,Ahmad  Al Khatib,Coldwell Banker - Swap,,2026-06-08T11:32:19Z,CB-S-007689,https://www.propertyfinder.ae/en/plp/buy/apartment-for-sale-dubai-dubai-science-park-binghatti-hills-binghatti-hills-tower-2-99976815.html
sale,"Best Amenities, Quality and Views | Multiple",Gardens 2,,Arjan,Dubai,Apartment,studio,1,443,PARTLY,735000,798913,8,sell,Osama El Sawy,Together Real Estate Brokers,,2026-06-24T11:09:11Z,Together5464747,https://www.propertyfinder.ae/en/plp/buy/apartment-for-sale-dubai-arjan-gardens-2-106852109.html
sale,HIGH FLOOR | HANDOVER IN NOV | TYPE A FACING DSO,Tria By Deyaar,,Dubai Silicon Oasis,Dubai,Apartment,studio,1,436,PARTLY,700000,760870,8,sell,Deepak  Gopalakrishnan ,BILLIONAIRE HOMES REAL ESTATE L.LC.,,2026-07-15T12:31:48Z,F5TV1EXWD40FDSDDC2P4FXMQ2W,https://www.propertyfinder.ae/en/plp/buy/apartment-for-sale-dubai-dubai-silicon-oasis-tria-by-deyaar-116376106.html
sale,Best Investment | Studio | Lagoon View,Azizi Riviera 48,Azizi Riviera,Meydan,Dubai,Apartment,studio,1,327,NO,660000,717391,8,sell,Martina Gretton-Barancova,Allsopp & Allsopp -Business Bay,,2026-07-03T08:55:09Z,L-304202,https://www.propertyfinder.ae/en/plp/buy/apartment-for-sale-dubai-meydan-meydan-one-azizi-riviera-azizi-riviera-48-110960699.html
sale,Investor Deal | Plunge Pool | Genuine Resale,Samana Resorts Tower B,Samana Resorts,Dubai Production City (IMPZ),Dubai,Apartment,studio,1,434,NO,650000,706522,8,sell,Abdulrahim Abdallah Bawazir,Driven Properties,,2026-07-21T05:42:04Z,DP-S-62725,https://www.propertyfinder.ae/en/plp/buy/apartment-for-sale-dubai-dubai-production-city-impz-samana-resorts-samana-resorts-tower-b-119021519.html
sale,Fully Furnished | High Floor | Downtown View,Ghalia Tower,District 18,Jumeirah Village Circle,Dubai,Apartment,studio,1,436,YES,610000,663043,8,sell,Jigneshkumar Mansukhbhai Tandel,Coldwell Banker - Swap,,2026-07-18T13:04:13Z,CB-S-007963,https://www.propertyfinder.ae/en/plp/buy/apartment-for-sale-dubai-jumeirah-village-circle-district-18-ghalia-tower-117713403.html
rent,Private Pool | Penthouse | Upgraded,Icon Tower 1,JLT Cluster M,Jumeirah Lake Towers,Dubai,Apartment,5,6,5152,YES,600000,652174,8,yearly,Laura Collins,haus & haus,,2026-07-03T11:56:08Z,LOF260088,https://www.propertyfinder.ae/en/plp/rent/apartment-for-rent-dubai-jumeirah-lake-towers-jlt-cluster-m-icon-tower-1-110974126.html
sale,Waterfront Living | Near Airport | Partial Lagoon View,Azizi Venice 14 Building A,Azizi Venice 14,Dubai South (Dubai World Central),Dubai,Apartment,studio,1,365,NO,600000,652174,8,sell,Kiran Bashir,Knightsbridge Properties,,2026-07-03T12:56:25Z,KBP-S-105296,https://www.propertyfinder.ae/en/plp/buy/apartment-for-sale-dubai-dubai-south-dubai-world-central-azizi-venice-azizi-venice-14-azizi-venice-14-building-a-110978703.html
sale,Studio Apartment in Azizi Riviera with pool,Azizi Riviera 47,Azizi Riviera,Meydan,Dubai,Apartment,studio,1,303,PARTLY,599999,652173,8,sell,Tamer Ali,PROPOINT PROPERTIES L.L.C,,2026-06-05T21:36:55Z,BK81ASKCZ773N11148ATSPXBKR,https://www.propertyfinder.ae/en/plp/buy/apartment-for-sale-dubai-meydan-meydan-one-azizi-riviera-azizi-riviera-47-98720509.html
sale,Motivated Seller| 40/60 Payment Plan | Easy Access,Azizi Jewel,,Al Furjan,Dubai,Apartment,studio,1,349,PARTLY,595000,646739,8,sell,Kweku Ephraim,haus & haus,,2026-05-12T11:18:55Z,OPN260018,https://www.propertyfinder.ae/en/plp/buy/apartment-for-sale-dubai-al-furjan-azizi-jewel-88318721.html
sale,Modern Finishes | Open-plan Layout | 60/40 PP,Azizi Jewel,,Al Furjan,Dubai,Apartment,studio,1,349,PARTLY,595000,646739,8,sell,Kweku Ephraim,haus & haus,,2026-05-12T11:26:03Z,OPN260019,https://www.propertyfinder.ae/en/plp/buy/apartment-for-sale-dubai-al-furjan-azizi-jewel-88319211.html
rent,Penthouse | Four Bedrooms | Private Pool,Marina Terrace,,Dubai Marina,Dubai,Penthouse,4,6,5481,YES,580000,630435,8,yearly,Georgia Ward,Allsopp & Allsopp - Residential Lettings,,2026-07-07T04:33:28Z,L-212194,https://www.propertyfinder.ae/en/plp/rent/penthouse-for-rent-dubai-dubai-marina-marina-terrace-112729692.html
sale,Handover Q4 | Road View | Motivated Seller,Azizi Venice 10 Building A,Azizi Venice 10,Dubai South (Dubai World Central),Dubai,Apartment,studio,1,345,PARTLY,580000,630435,8,sell,Abubakar Sameen,Aeon & Trisl Real Estate Brokers,,2026-06-03T12:40:02Z,Portal-AT-403143,https://www.propertyfinder.ae/en/plp/buy/apartment-for-sale-dubai-dubai-south-dubai-world-central-azizi-venice-azizi-venice-10-azizi-venice-10-building-a-97828605.html
rent,Fully Furnished | Burj Khalifa View | Spacious 4BR,The Residences 5,The Residences,Downtown Dubai,Dubai,Penthouse,4,5,3481,YES,575000,625000,8,yearly,Salim Chopdar,AL SABAH GLORY REAL ESTATE,,2026-07-25T08:50:50Z,AMN-4BED-RE2,https://www.propertyfinder.ae/en/plp/rent/penthouse-for-rent-dubai-downtown-dubai-the-residences-the-residences-5-121099242.html
sale,Premium Off-Plan Studio | Great Value,Ananda Residences,Ananda Residences,Motor City,Dubai,Apartment,studio,1,403,NO,575000,625000,8,sell,Yamen  Houkan,Oia Properties,,2026-06-23T12:27:35Z,ANANDA-RESIDENCES-A-yamen,https://www.propertyfinder.ae/en/plp/buy/apartment-for-sale-dubai-motor-city-ananda-residences-106418344.html
sale,Multiple Units Available | Studio to 3BR,Azizi Wares,,Downtown Jebel Ali,Dubai,Apartment,studio,1,331,NO,550000,597826,8,sell,Mohammad Zuhair Adnan Al-Assiry,Precision Real Estate L.L.C,,2026-07-15T09:49:31Z,WJA-STUSALE-003R,https://www.propertyfinder.ae/en/plp/buy/apartment-for-sale-dubai-downtown-jebel-ali-azizi-wares-116364635.html
sale,Studio | High Floor | Modern Finishing,Hera Tower,,Dubai Sports City,Dubai,Apartment,studio,1,338,NO,549999,597825,8,sell,Mohammed Awan,White & Co Real Estate,,2026-06-30T09:01:12Z,RL-227808,https://www.propertyfinder.ae/en/plp/buy/apartment-for-sale-dubai-dubai-sports-city-hera-tower-109487204.html
sale,Studio | Strong ROI | Modern Finishing,Hera Tower,,Dubai Sports City,Dubai,Apartment,studio,1,338,NO,549999,597825,8,sell,Mohammed Awan,White & Co Real Estate,,2026-06-30T09:09:56Z,RL-227805,https://www.propertyfinder.ae/en/plp/buy/apartment-for-sale-dubai-dubai-sports-city-hera-tower-109487844.html
sale,Studio | High Floor | Modern Finishing,Hera Tower,,Dubai Sports City,Dubai,Apartment,studio,1,339,YES,549999,597825,8,sell,Mohammed Awan,White & Co Real Estate,,2026-06-30T06:48:11Z,RL-227811,https://www.propertyfinder.ae/en/plp/buy/apartment-for-sale-dubai-dubai-sports-city-hera-tower-109477600.html
sale,Studio | High Floor | Modern Finishing,Hera Tower,,Dubai Sports City,Dubai,Apartment,studio,1,398,YES,549999,597825,8,sell,Mohammed Awan,White & Co Real Estate,,2026-06-30T06:57:00Z,RL-227810,https://www.propertyfinder.ae/en/plp/buy/apartment-for-sale-dubai-dubai-sports-city-hera-tower-109477766.html
sale,High Floor | Modern Finish | Great Roi,Hera Tower,,Dubai Sports City,Dubai,Apartment,studio,1,398,YES,549999,597825,8,sell,Mohammed Awan,White & Co Real Estate,,2026-06-30T06:41:10Z,RL-227812,https://www.propertyfinder.ae/en/plp/buy/apartment-for-sale-dubai-dubai-sports-city-hera-tower-109477499.html
sale,SPACIOUS LAYOUT I PRIME LOCATION I TOWNHOUSES VIEW,The Community,District 3,Jumeirah Village Triangle,Dubai,Apartment,studio,1,327,YES,549999,597825,8,sell,Hannan Hadi,Top Neom Real Estate,,2026-05-21T08:40:39Z,topnoem-S-HanHad40-2066,https://www.propertyfinder.ae/en/plp/buy/apartment-for-sale-dubai-jumeirah-village-triangle-district-3-the-community-92253516.html
sale,POOL VIEW / FULLY FURNISHED / INVESTOR DEAL,The Crescent A,The Crescent,Dubai Production City (IMPZ),Dubai,Apartment,studio,1,499,YES,489999,532608,8,sell,Kajol Dilip Bhatia,KAIZEN HOMES REAL ESTATE L.L.C,,2026-05-14T19:34:47Z,8M2GTSP6NMAWXF320FDD84484M,https://www.propertyfinder.ae/en/plp/buy/apartment-for-sale-dubai-dubai-production-city-impz-the-crescent-the-crescent-a-89218266.html
sale,"Furnished, Hot Deal, Limited Time, Near Handover",Nest,International City Phase 2,Al Warsan,Dubai,Apartment,studio,1,394,PARTLY,456929,496662,8,sell,NEHA HASWANI,EARENDEL REAL ESTATE BROKERAGE L.L.C,,2026-07-17T21:59:38Z,XBTH7A30MJGRY3CZ165CZKYFS4,https://www.propertyfinder.ae/en/plp/buy/apartment-for-sale-dubai-al-warsan-al-warsan-4-international-city-phase-2-nest-117282650.html
rent,4 Bedrooms | Huge Layout | High Floor,Elite Residence,,Dubai Marina,Dubai,Apartment,4,5,3211,YES,415000,451087,8,yearly,Ben Bandari,BENCO REAL ESTATE L.L.C,,2026-07-23T05:39:33Z,Benan-R-115778,https://www.propertyfinder.ae/en/plp/rent/apartment-for-rent-dubai-dubai-marina-elite-residence-120160776.html
sale,Exclusive | Investors Only | Urgent Sale,Five Jumeirah Village,District 14,Jumeirah Village Circle,Dubai,Apartment,studio,1,483,YES,390000,423913,8,sell,Jack Woodford,Dacha Real Estate,,2026-07-27T11:49:43Z,DREL-11575,https://www.propertyfinder.ae/en/plp/buy/apartment-for-sale-dubai-jumeirah-village-circle-district-14-five-jumeirah-village-121998195.html
rent,4 BR Townhouse with Private Pool and Garden,,,Hadaeq Sheikh Mohammed Bin Rashid,Dubai,Townhouse,4,4,3099,NO,325000,353261,8,yearly,Deepak Kripalani,House 2 Home Real Estate Properties,,2026-08-03T10:45:05Z,T8935NJ7H1QGT0EMSPYZDTXS6W,https://www.propertyfinder.ae/en/plp/rent/townhouse-for-rent-dubai-hadaeq-sheikh-mohammed-bin-rashid-125170988.html
rent,Corner unit | Single Row | Close to Amenities,Raya,Raya,Arabian Ranches 3,Dubai,Townhouse,4,5,2815,NO,225000,244565,8,yearly,Anthony Godinho,Creative Homes Real Estate Broker LLC,,2026-08-01T10:17:03Z,56RMP9PZE5XN7A6EVQKZ2BCQWM,https://www.propertyfinder.ae/en/plp/rent/townhouse-for-rent-dubai-arabian-ranches-3-raya-124276425.html
rent,Marina View I Amazing Condition I Middle Floor,Shemara Tower,Marina Promenade,Dubai Marina,Dubai,Apartment,3,3,1858,NO,220000,239130,8,yearly,Michael Ghaderi,GHADERI REALTY L.L.C,,2026-08-05T14:04:05Z,Ghade-R-117679,https://www.propertyfinder.ae/en/plp/rent/apartment-for-rent-dubai-dubai-marina-marina-promenade-shemara-tower-126118824.html
rent,Fully Upgraded | Marina View | 3 Balconies,Sadaf 2,Sadaf,Jumeirah Beach Residence,Dubai,Apartment,4,5,2758,YES,220000,239130,8,yearly,Sean Campbell,Luxfolio Real Estate Brokers LLC,,2026-06-03T08:53:05Z,LXF-R-175226,https://www.propertyfinder.ae/en/plp/rent/apartment-for-rent-dubai-jumeirah-beach-residence-sadaf-sadaf-2-97811927.html
rent,Best Layout| Maid room| Lake View| 2 Parking,Goldcrest Views 1,JLT Cluster V,Jumeirah Lake Towers,Dubai,Apartment,4,5,2366,NO,219998,239128,8,yearly,Bihani Shrestha,Luxhaus Real Estate L.L.C,,2026-06-19T13:51:15Z,LH-BS-R124,https://www.propertyfinder.ae/en/plp/rent/apartment-for-rent-dubai-jumeirah-lake-towers-jlt-cluster-v-goldcrest-views-1-104697964.html
rent,Burj Khalifa | Higher Floor | BEST PRICE! | VACANT,Forte 2,Forte,Downtown Dubai,Dubai,Apartment,3,3,1533,YES,210000,228261,8,yearly,Wahidullah Mohammad Halim,Property Solvers Real Estate Brokers,,2026-08-03T14:19:27Z,PSRE-R-2534,https://www.propertyfinder.ae/en/plp/rent/apartment-for-rent-dubai-downtown-dubai-forte-forte-2-125190106.html
rent,1 MONTH FREE | READY TO MOVE | 3 BHK+ MAID,The Crest Tower A,The Crest,Mohammed Bin Rashid City,Dubai,Apartment,3,5,1567,NO,185000,201087,8,yearly,Mariam Sicily,ROYAL ESTATES L.L.C,,2026-08-03T14:12:28Z,HSMA-ANXJ-CRES-R,https://www.propertyfinder.ae/en/plp/rent/apartment-for-rent-dubai-mohammed-bin-rashid-city-sobha-hartland-the-crest-the-crest-tower-a-125189845.html
rent,Furnished | Prime Location | Available now |,Horizon Tower,,Dubai Marina,Dubai,Apartment,4,4,2409,YES,184000,200000,8,yearly,Jake Mc Connell,Luxfolio Real Estate Brokers LLC,,2026-07-27T06:28:19Z,LXF-R-178670,https://www.propertyfinder.ae/en/plp/rent/apartment-for-rent-dubai-dubai-marina-horizon-tower-121976531.html
rent,4BHK Duplex |Near Dragon Mart| Brand New Building,The Double,International City Phase 2,Al Warsan,Dubai,Apartment,4,5,2608,NO,170000,184783,8,yearly,Irfan Muhammad Razaq,D I O SKY REAL ESTATE BROKERAGE L.L.C,,2026-07-11T07:44:25Z,6doubleeee_irfan-PF-1,https://www.propertyfinder.ae/en/plp/rent/apartment-for-rent-dubai-al-warsan-al-warsan-4-international-city-phase-2-the-double-114596857.html
rent,FULLY FURNISHED | BILL INCLUDED | MULTIPLE OPTIONS,Dubai Marina Moon Tower,Dubai Marina Moon Tower,Dubai Marina,Dubai,Apartment,1,2,692,YES,145000,157609,8,yearly,Elvira Sharshenalieva,EVA Real Estate LLC,,2026-07-29T12:09:04Z,eva-5092,https://www.propertyfinder.ae/en/plp/rent/apartment-for-rent-dubai-dubai-marina-dubai-marina-moon-tower-122922612.html
rent,Brand New | Ready To Move | Best Price,Kensington Waters A,Kensington Waters,Mohammed Bin Rashid City,Dubai,Apartment,1,2,835,NO,120000,130435,8,yearly,Shuhratjon Davlatov,KIRIN NOVA REAL ESTATE L.L.C S.O.C,,2026-07-31T11:19:06Z,DVTV#KENSTN-1BRR,https://www.propertyfinder.ae/en/plp/rent/apartment-for-rent-dubai-mohammed-bin-rashid-city-sobha-hartland-kensington-waters-kensington-waters-a-123831645.html
rent,Marina Views | Furnished | Vacant Mid August,Cayan Tower,,Dubai Marina,Dubai,Apartment,1,2,761,YES,120000,130435,8,yearly,Nicole Offer,haus & haus,,2026-07-30T09:34:15Z,DUB175889,https://www.propertyfinder.ae/en/plp/rent/apartment-for-rent-dubai-dubai-marina-cayan-tower-123371359.html
sale,Motivated Seller | Q1 2029 | 50/50 Payment Plan,Ashwood Estates,Ashwood Estates,Jumeirah Golf Estates,Dubai,Villa,6,7,10358,NO,21500000,23118280,7,sell,Salma Elbergamy,Savills Dubai,,2026-07-10T11:47:12Z,VI48672,https://www.propertyfinder.ae/en/plp/buy/villa-for-sale-dubai-jumeirah-golf-estates-ashwood-estates-114168621.html
sale,Exclusive | Beachfront Villa | Sunset Views,Palma Residences,,Palm Jumeirah,Dubai,Villa,5,6,3523,YES,21000000,22580645,7,sell,Libby Ardley,White & Co Real Estate,,2026-06-08T10:52:01Z,RL-223149,https://www.propertyfinder.ae/en/plp/buy/villa-for-sale-dubai-palm-jumeirah-palma-residences-99973389.html
sale,Branded Penthouse | Top Floor | Vastu,Palace Beach Residence Tower 2,Palace Beach Residence,Dubai Harbour,Dubai,Apartment,4,6,3933,YES,20950000,22526882,7,sell,FILIP KRALJ,AMBRA Real Estate,,2026-07-09T10:26:09Z,C2ZGJG69S7FZ7YYR3H4HX8AH0M,https://www.propertyfinder.ae/en/plp/buy/apartment-for-sale-dubai-dubai-harbour-emaar-beachfront-palace-beach-residence-palace-beach-residence-tower-2-113715068.html
sale,2B | Luxury Partial Level Residence | Full Canal View,Volante,,Business Bay,Dubai,Apartment,2,4,5046,YES,20880000,22451613,7,sell,Lele Song,STAT GLOBAL REAL ESTATE,,2026-07-31T10:51:24Z,STAT-S-0539,https://www.propertyfinder.ae/en/plp/buy/apartment-for-sale-dubai-business-bay-volante-123830209.html
sale,Corner Villa | Roof Terrace | Pool | Vastu,Golf Place,Golf Place 2,Dubai Hills Estate,Dubai,Villa,4,6,7067,NO,20000000,21505376,7,sell,Emilio Dammous,White & Co Real Estate,,2026-06-28T08:46:22Z,RL-206930,https://www.propertyfinder.ae/en/plp/buy/villa-for-sale-dubai-dubai-hills-estate-golf-place-golf-place-2-108601813.html
sale,One of Few on Water | CORNER | Near Communities,The Acres (Phase 3),The Acres,Dubai Land,Dubai,Villa,6,6,10406,NO,19500000,20967742,7,sell,Apoorv Mishra,TOPAZ WORLD REAL ESTATE BROKER L.L.C,,2026-07-16T09:18:09Z,TOPAZ-952,https://www.propertyfinder.ae/en/plp/buy/villa-for-sale-dubai-dubai-land-the-acres-the-acres-phase-3-116806195.html
sale,5Br Mansion | Lagoon View | 2Yr PHPP,Residential District,South Bay 6,Dubai South (Dubai World Central),Dubai,Villa,5,7+,8446,NO,16800000,18064516,7,sell,Himmat Lal Menariya,Coldwell Banker - Swap,,2026-05-21T10:16:53Z,CB-S-007536,https://www.propertyfinder.ae/en/plp/buy/villa-for-sale-dubai-dubai-south-dubai-world-central-residential-district-south-bay-south-bay-6-92261730.html
sale,Type A 03 Series | Panoramic View | Genuine Resale,Beachgate by Address,Emaar Beachfront,Dubai Harbour,Dubai,Apartment,4,4,2420,NO,14000000,15053763,7,sell,Khaled El Sherif,K ESTATES,,2026-06-09T13:42:26Z,S-KHA-90512,https://www.propertyfinder.ae/en/plp/buy/apartment-for-sale-dubai-dubai-harbour-emaar-beachfront-beachgate-by-address-100420308.html
sale,Ultra Luxury 7BR Villa | Private Estate Living,Al Khawaneej 1,Al Khawaneej 1,Al Khawaneej,Dubai,Villa,7,7+,15800,YES,13500000,14516129,7,sell,Mouafak Baghdadi,EGRE INTERNATIONAL REAL ESTATE L.L.C,,2026-06-11T07:29:23Z,EG0000000558,https://www.propertyfinder.ae/en/plp/buy/villa-for-sale-dubai-al-khawaneej-al-khawaneej-1-101259353.html
sale,Single Row | Best Location| Next to Park and Pool,Park Gate,Park Gate,Dubai Hills Estate,Dubai,Villa,4,6,4994,NO,12500000,13440860,7,sell,Rami Fadlallah,RAF CAPITAL REAL ESTATE,,2026-07-19T08:18:23Z,NZKY9K1WQBMCFR6K3MG31V5TF4,https://www.propertyfinder.ae/en/plp/buy/villa-for-sale-dubai-dubai-hills-estate-park-gate-118138823.html
sale,Prime Location | Pool | Renovated,Meadows 1,,Meadows,Dubai,Villa,4,5,5811,NO,11900000,12795699,7,sell,Desire Zaman,Black Brick,,2026-07-23T11:37:57Z,VI10676,https://www.propertyfinder.ae/en/plp/buy/villa-for-sale-dubai-meadows-meadows-1-120178484.html
sale,Near Handover | Mortgageable | Green Belt,Residential District,South Bay 1,Dubai South (Dubai World Central),Dubai,Villa,5,7+,7233,PARTLY,11600000,12473118,7,sell,Zak Grainger,Savills Dubai,,2026-06-26T12:37:08Z,VI47924,https://www.propertyfinder.ae/en/plp/buy/villa-for-sale-dubai-dubai-south-dubai-world-central-residential-district-south-bay-south-bay-1-107748705.html
sale,Type E | Premium Location | Bigger Plot,Sobha Reserve,Sobha Reserve,Wadi Al Safa 2,Dubai,Villa,5,6,4672,NO,9800000,10537634,7,sell,Jingran Hu,Savills Dubai,,2026-07-20T13:13:20Z,VI48874,https://www.propertyfinder.ae/en/plp/buy/villa-for-sale-dubai-wadi-al-safa-2-sobha-reserve-118597019.html
sale,Full Golf View | Private Pool | Fendi Finish | VOT,Veneto at Damac Hills,,Damac Hills,Dubai,Villa,5,6,5543,NO,9800000,10537634,7,sell,Alusha Lister,Strada,,2026-06-23T11:31:47Z,L-184324,https://www.propertyfinder.ae/en/plp/buy/villa-for-sale-dubai-damac-hills-veneto-at-damac-hills-106413970.html
sale,Golf Backing | Standalone | Fully Furnished,Veneto at Damac Hills,,Damac Hills,Dubai,Villa,5,6,5543,YES,9800000,10537634,7,sell,Zino Rebello,BROWN AND FERGUSON REAL ESTATE BROKERAGE L.L.C,,2026-04-30T13:03:26Z,BF-092,https://www.propertyfinder.ae/en/plp/buy/villa-for-sale-dubai-damac-hills-veneto-at-damac-hills-83240731.html
sale,Type C | Corner Villa | Motivated Seller |OP Price,The Acres (Phase 1),The Acres,Dubai Land,Dubai,Villa,5,7+,5171,NO,9020000,9698925,7,sell,Belal Shafik Ahmed Ali Hassan,Metropolitan Premium Properties,,2026-06-17T17:52:25Z,MPSP-20701,https://www.propertyfinder.ae/en/plp/buy/villa-for-sale-dubai-dubai-land-the-acres-the-acres-phase-1-103719733.html
sale,Vacant | Upgraded | Vastu | Pool n park,Harmony,Harmony 1,Tilal Al Ghaf,Dubai,Villa,4,5,4505,NO,8500000,9139785,7,sell,Vipul Shrivastava,Avcor Real Estate Brokers,,2026-06-10T22:03:20Z,WNWDGB6FSHJ76BBBDNSEHS9PQG,https://www.propertyfinder.ae/en/plp/buy/villa-for-sale-dubai-tilal-al-ghaf-harmony-harmony-1-100871218.html
sale,Vacant on Transfer | Close To Park | Exclusive,Palma,Palma,Arabian Ranches 2,Dubai,Villa,5,5,4359,YES,6999999,7526881,7,sell,George Colley,Allsopp & Allsopp Private Office,,2026-06-30T10:36:28Z,DUB200624,https://www.propertyfinder.ae/en/plp/buy/villa-for-sale-dubai-arabian-ranches-2-palma-109495796.html
sale,Prime Meydan Living | 4BR + Maid | Single Row,Meydan Gated Community,The Polo Townhouses,Meydan,Dubai,Townhouse,4,6,3313,NO,6500000,6989247,7,sell,Nawar Hassan,Linda's Real Estate,,2026-06-19T10:02:41Z,LRE-S-231007,https://www.propertyfinder.ae/en/plp/buy/townhouse-for-sale-dubai-meydan-meydan-gated-community-the-polo-townhouses-104682433.html
sale,Forest Villa | Single Row | Family Living,Cassia 3,Cassia,Dubai Land,Dubai,Villa,3,4,3717,NO,5995000,6446237,7,sell,Toni Patricio,The Boros Collection,,2026-07-21T11:41:30Z,Boros-S-2337,https://www.propertyfinder.ae/en/plp/buy/villa-for-sale-dubai-dubai-land-the-wilds-by-aldar-cassia-cassia-3-119041669.html
sale,3 Bedrooms | Upgraded | Private Pool,Mira Oasis 3,Mira Oasis,Reem,Dubai,Villa,3,2,4625,NO,5800000,6236559,7,sell,Rob Kempton,Allsopp & Allsopp - Motor City,,2026-07-29T19:35:28Z,L-293146,https://www.propertyfinder.ae/en/plp/buy/villa-for-sale-dubai-reem-mira-oasis-mira-oasis-3-122940323.html
sale,Type 2M | Fully Upgraded | Park Backing,Al Reem 2,Al Reem,Arabian Ranches,Dubai,Villa,4,4,2844,NO,5750000,6182796,7,sell,Joshua Walters,Allsopp & Allsopp - Motor City,,2026-07-31T06:50:40Z,JGE210060__FF,https://www.propertyfinder.ae/en/plp/buy/villa-for-sale-dubai-arabian-ranches-al-reem-al-reem-2-123818999.html
sale,Urgent sale | free 75% mortgage | Vastu | Big plot,June,June,Arabian Ranches 3,Dubai,Villa,4,5,4198,NO,5500000,5913978,7,sell,Vipul Shrivastava,Avcor Real Estate Brokers,,2026-07-27T08:13:22Z,NV680988VDC28S4AY3X8R5N98C,https://www.propertyfinder.ae/en/plp/buy/villa-for-sale-dubai-arabian-ranches-3-june-121982142.html
sale,Spacious Townhouse | Skyline Retreat I 4BR TYPE A2,Jebel Ali Village,Jebel Ali Village Townhouses,Jebel Ali,Dubai,Townhouse,4,5,2762,NO,5399000,5805376,7,sell,Mona Shiv,Manresa Real Estate,,2026-08-04T13:49:35Z,DGAA7ZN5NXS16G7CSESAPKKQRR,https://www.propertyfinder.ae/en/plp/buy/townhouse-for-sale-dubai-jebel-ali-jebel-ali-village-jebel-ali-village-townhouses-125656212.html
sale,V3 Type | Upgraded | Vacant Soon | 6 Bed + M,Claret,Claret,Damac Hills 2,Dubai,Villa,6,7,4707,NO,5200000,5591398,7,sell,Alexander Webb,Allsopp & Allsopp - Motor City Sales,,2026-07-14T10:20:13Z,L-305041,https://www.propertyfinder.ae/en/plp/buy/villa-for-sale-dubai-damac-hills-2-claret-115923430.html
sale,Original Price | Nature-Led Living | H/O 2028,Avena,Avena 2,The Valley,Dubai,Villa,4,7,3229,NO,4300000,4623656,7,sell,Toni Patricio,The Boros Collection,,2026-07-09T11:40:05Z,Boros-S-2298,https://www.propertyfinder.ae/en/plp/buy/villa-for-sale-dubai-the-valley-avena-avena-2-113720922.html
sale,PRIME LOCATION | HUGE LAYOUT | INVESTORS DEAL,Athlon by Aldar,Theon at Athlon,Dubai Land,Dubai,Townhouse,4,5,3175,YES,4200000,4516129,7,sell,AHMAD  ALKADDAH,KINGDOM REAL ESTATE L.L.C,,2026-05-15T09:09:20Z,369-TH4BR-S-MAHMOUD,https://www.propertyfinder.ae/en/plp/buy/townhouse-for-sale-dubai-dubai-land-athlon-by-aldar-theon-at-athlon-89628316.html
sale,On the Park | Single Row | Prime Spot,Aura Gardens,Aura Gardens,Tilal Al Ghaf,Dubai,Townhouse,3,4,1553,NO,4199999,4516128,7,sell,Daran Pinto,DNL Properties LLC,,2026-07-02T11:55:11Z,DNL-S-13339,https://www.propertyfinder.ae/en/plp/buy/townhouse-for-sale-dubai-tilal-al-ghaf-aura-gardens-110522102.html
sale,Rare Single Row | PHPP | Near Amenities |,Residential District,South Bay 2,Dubai South (Dubai World Central),Dubai,Villa,4,5,3978,NO,4199990,4516118,7,sell,Sumit Keloth,Think Properties,,2026-07-14T06:34:34Z,Think-0195,https://www.propertyfinder.ae/en/plp/buy/villa-for-sale-dubai-dubai-south-dubai-world-central-residential-district-south-bay-south-bay-2-115909474.html
sale,4 Bed + Maid | Close To Park | Extended,Mira 2,Mira,Reem,Dubai,Townhouse,4,5,2948,NO,4000000,4301075,7,sell,Joseph Carter,LuxuryProperty.com,,2026-05-22T12:01:11Z,LP49169,https://www.propertyfinder.ae/en/plp/buy/townhouse-for-sale-dubai-reem-mira-mira-2-92713907.html
sale,Large Layout | Prime Location | Vacant,Oia Residence,,Motor City,Dubai,Apartment,4,5,3173,NO,3800000,4086022,7,sell,Antonios Kostalas,Livstate,,2026-06-08T12:47:34Z,LivstateH1M-S,https://www.propertyfinder.ae/en/plp/buy/apartment-for-sale-dubai-motor-city-oia-residence-99982191.html
sale,Lagoon facing  | MID CORNER  | Larger Plot,Costa Brava,Costa Brava 1,Damac Lagoons,Dubai,Townhouse,5,5,2488,NO,3800000,4086022,7,sell,Teodora Adamovic,Apex Homes DXB,,2026-08-03T13:34:14Z,AHRE-1741-P2,https://www.propertyfinder.ae/en/plp/buy/townhouse-for-sale-dubai-damac-lagoons-costa-brava-costa-brava-1-125186494.html
sale,Big Layout | Huge Private Garden | Vastu Compliant,Murooj Al Furjan West,Murooj Al Furjan,Al Furjan,Dubai,Villa,4,4,2140,NO,3550000,3817204,7,sell,Harrsh Murarka,FALCON CREST REAL ESTATES L.L.C,,2026-07-29T14:28:00Z,FCRE-S-SH-009,https://www.propertyfinder.ae/en/plp/buy/villa-for-sale-dubai-al-furjan-murooj-al-furjan-murooj-al-furjan-west-122933430.html
sale,Elie Saab Design | Single Row | Large Layout,District 11,Elie Saab VIE Townhouses,Mohammed Bin Rashid City,Dubai,Townhouse,4,5,2015,NO,3500000,3763441,7,sell,Nedina Fernandes,Huspy Dubai,,2026-07-03T10:44:24Z,Huspy-N55VX0D4JBPPYWRT6KN25KBSYM,https://www.propertyfinder.ae/en/plp/buy/townhouse-for-sale-dubai-mohammed-bin-rashid-city-district-11-elie-saab-vie-townhouses-110968393.html
sale,4BR | Single Row | Upgraded | Park Backing,Belair Damac Hills - By Trump Estates,Belair Damac Hills - By Trump Estates,Damac Hills,Dubai,Townhouse,4,3,1679,NO,3499999,3763440,7,sell,Laura  Tootell,Allsopp & Allsopp - Motor City Sales,,2026-06-01T07:59:14Z,L-301124,https://www.propertyfinder.ae/en/plp/buy/townhouse-for-sale-dubai-damac-hills-belair-damac-hills-by-trump-estates-96935841.html
sale,Modern 3BR Villa with Maid's Room | Bliss 2,Bliss 2,Bliss 2,Arabian Ranches 3,Dubai,Townhouse,3,4,4840,NO,3449999,3709676,7,sell,Ibrahim Khan,Banke International Properties,,2026-07-16T11:13:56Z,BIS-24-7048,https://www.propertyfinder.ae/en/plp/buy/townhouse-for-sale-dubai-arabian-ranches-3-bliss-2-116813315.html
sale,Close to Park | Spacious Layout | Lowest Price,District 11,Elie Saab Vie at the Fields,Mohammed Bin Rashid City,Dubai,Townhouse,4,5,2015,NO,3400000,3655914,7,sell,Oleksandr Iskra,PRIMAL ALLIANCE REAL ESTATE,,2026-07-29T09:33:55Z,PA-2748-1,https://www.propertyfinder.ae/en/plp/buy/townhouse-for-sale-dubai-district-11-the-fields-mohammed-bin-rashid-city-elie-saab-vie-at-the-fields-122911058.html
sale,Exclusive | High ROI 7% | Sea View,Five Luxe JBR,,Jumeirah Beach Residence,Dubai,Apartment,studio,1,828,NO,3250000,3494624,7,sell,Magomedsaid Gaziev,luxe homes Dubai,,2026-05-21T13:06:36Z,1779369022678,https://www.propertyfinder.ae/en/plp/buy/apartment-for-sale-dubai-jumeirah-beach-residence-five-luxe-jbr-92274022.html
sale,Exclusive | Vacant | High Floor | Marina View,Bay Central Tower Central,Bay Central,Dubai Marina,Dubai,Apartment,3,4,1557,NO,3200000,3440860,7,sell,Sharfuddin Mohammed,betterhomes - Dubai Marina,,2026-07-30T12:21:13Z,BH-S-229888,https://www.propertyfinder.ae/en/plp/buy/apartment-for-sale-dubai-dubai-marina-bay-central-bay-central-tower-central-123384147.html
sale,3 Bed Townhouse | Villanova Dubai,La Tilia 1,La Tilia,Villanova,Dubai,Townhouse,3,2,2110,NO,3200000,3440860,7,sell,Bekir Dogan,BEKKO PROPERTIES L.L.C,,2026-06-10T10:04:45Z,BEK-TIL-0059,https://www.propertyfinder.ae/en/plp/buy/townhouse-for-sale-dubai-villanova-la-tilia-la-tilia-1-100839118.html
sale,Limited Offer Price | Duplex | Pool View,District 14,Norah Residence,Jumeirah Village Circle,Dubai,Apartment,3,4,2085,PARTLY,2966979,3190300,7,sell,Faulyne Aivaney,ETHOS REAL ESTATE L.L.C,,2026-07-16T13:26:46Z,etho/Bett/15998,https://www.propertyfinder.ae/en/plp/buy/apartment-for-sale-dubai-jumeirah-village-circle-district-14-norah-residence-116825608.html
sale,Modern Finishing | Vastu Compliant| Prime Location,FIJI at Damac Islands,,DAMAC Islands,Dubai,Townhouse,4,4,1550,NO,2800000,3010753,7,sell,Robyn Felkers,Savills Dubai,,2026-07-11T06:58:52Z,TH48676,https://www.propertyfinder.ae/en/plp/buy/townhouse-for-sale-dubai-damac-islands-fiji-at-damac-islands-114595767.html
sale,Best Deal | Serious Offers Only | Good Location,Costa Brava,Costa Brava 1,Damac Lagoons,Dubai,Townhouse,4,4,1550,NO,2800000,3010753,7,sell,Mohammed  Taha,Hatimi Properties,,2026-07-10T05:54:03Z,HP-00805,https://www.propertyfinder.ae/en/plp/buy/townhouse-for-sale-dubai-damac-lagoons-costa-brava-costa-brava-1-114150134.html
sale,Luxury 3BR TH | Spacious Layout | High ROI,Venera,Venera,The Valley,Dubai,Townhouse,3,4,1940,NO,2800000,3010753,7,sell,Muhammad Asif,Wellington Home Real Estate,,2026-07-02T12:03:17Z,Welli-S-106842,https://www.propertyfinder.ae/en/plp/buy/townhouse-for-sale-dubai-the-valley-venera-110522945.html
sale,G + 2 + BASEMENT | SPACIOUS LAYOUT | MAID,District 10,Westar Les Castelets,Jumeirah Village Circle,Dubai,Townhouse,4,5,1679,NO,2800000,3010753,7,sell,Thomas Shirafkan,White & Co Real Estate,,2026-05-07T06:36:51Z,RL-185824,https://www.propertyfinder.ae/en/plp/buy/townhouse-for-sale-dubai-jumeirah-village-circle-district-10-westar-les-castelets-86164691.html
sale,3 BR | Maid Room | Handover Soon | Prime Location,Lillia,Lillia,The Valley,Dubai,Villa,3,4,1482,NO,2700000,2903226,7,sell,Mohamed Okasha,Real Choice Real Estate,,2026-05-15T08:15:05Z,2026-Da3Lbc-MO-LL-TV,https://www.propertyfinder.ae/en/plp/buy/villa-for-sale-dubai-the-valley-lillia-89622636.html
sale,Mortgage Possible | Close to Central Lagoons,Nice,Nice,Damac Lagoons,Dubai,Townhouse,4,3,1571,NO,2600000,2795699,7,sell,Qasim Ali,Star 5 Realty Real Estate,,2026-07-21T01:35:02Z,STAR500301QA,https://www.propertyfinder.ae/en/plp/buy/townhouse-for-sale-dubai-damac-lagoons-nice-118820071.html
sale,BELOW MARKET DEAL | 4BR + STUDY | PRIME UNIT,Natura,Natura,Damac Hills 2,Dubai,Townhouse,4,4,1958,NO,2000000,2150538,7,sell,Eduard Shtern,LIVRICHY REAL ESTATE BROKERAGE LLC,,2026-07-21T13:11:23Z,LIV-S-DH2NATURA-SS,https://www.propertyfinder.ae/en/plp/buy/townhouse-for-sale-dubai-damac-hills-2-natura-119047519.html
sale,Premium Townhouse | Below OP | Big Layout,Violet,Violet 4,Damac Hills 2,Dubai,Townhouse,4,3,1208,PARTLY,1780000,1913978,7,sell,Gaurav  Chopra,EGRE INTERNATIONAL REAL ESTATE L.L.C,,2026-06-25T13:29:46Z,EG0000000586,https://www.propertyfinder.ae/en/plp/buy/townhouse-for-sale-dubai-damac-hills-2-violet-violet-4-107306591.html
sale,Upgraded | Exclusive | Mid Floor,Studio One,,Dubai Marina,Dubai,Apartment,studio,1,502,NO,1395000,1500000,7,sell,Emelia Tehrani,Huspy Dubai,,2026-07-24T07:31:02Z,Huspy-0GMMWJZBP7101H3N3TZZKYH0V8,https://www.propertyfinder.ae/en/plp/buy/apartment-for-sale-dubai-dubai-marina-studio-one-120639183.html
sale,Original Price | Fully Furnished | Pool view,Rove Home Downtown,,Downtown Dubai,Dubai,Apartment,studio,1,403,YES,1299000,1396774,7,sell,Nikola Krstic,Raine & Horne,,2026-07-15T06:42:00Z,RNE-S-6056,https://www.propertyfinder.ae/en/plp/buy/apartment-for-sale-dubai-downtown-dubai-rove-home-downtown-116354467.html
sale,Best Layout | Furnished | High Floor,Bayz 101 by Danube,,Business Bay,Dubai,Apartment,studio,1,374,YES,1220000,1311828,7,sell,Negin Mokhtari,O W J REAL ESTATE L.L.C,,2026-06-22T14:24:13Z,NMSBBBT101OJ-297,https://www.propertyfinder.ae/en/plp/buy/apartment-for-sale-dubai-business-bay-bayz-101-by-danube-105986314.html
sale,Semi-Furnished Studio | Binghatti Skyrise Tower A,Binghatti Skyrise Tower A,Binghatti Skyrise,Business Bay,Dubai,Apartment,studio,1,434,PARTLY,950000,1021505,7,sell,Saihoon  Kamgar,HOMEX PROPERTIES L.L.C,,2026-07-14T10:32:04Z,Omer 01,https://www.propertyfinder.ae/en/plp/buy/apartment-for-sale-dubai-business-bay-binghatti-skyrise-binghatti-skyrise-tower-a-115924239.html
sale,High Floor | Fully Furnished | Payment Plan,MAG 330,,City of Arabia,Dubai,Apartment,studio,1,596,YES,840000,903226,7,sell,Jamaluddin  Motorwala,Huspy Dubai,,2026-07-21T11:41:14Z,Huspy-J5XFTZ9ES1MEF23TAYNSS0Z850,https://www.propertyfinder.ae/en/plp/buy/apartment-for-sale-dubai-city-of-arabia-mag-330-119041683.html
sale,FULLY FURNISHED / HIGH ROI / NO AGENT,Samia Azizi,,Al Furjan,Dubai,Apartment,1,2,879,YES,839999,903225,7,sell,Nikhil Singh Saluja,EVANTIS REALTY PROPERTIES L.L.C,,2026-08-05T05:17:22Z,VCPZYBN50XG7CJTNFAK65N95S0,https://www.propertyfinder.ae/en/plp/buy/apartment-for-sale-dubai-al-furjan-samia-azizi-126083409.html
sale,Business Bay | Minutes from Downtown I Best Priced,Century Tower,,Business Bay,Dubai,Apartment,studio,1,396,PARTLY,830000,892473,7,sell,Seva Rachkovskiy,IMARA,,2026-07-17T09:57:36Z,I-1236-P,https://www.propertyfinder.ae/en/plp/buy/apartment-for-sale-dubai-business-bay-century-tower-117259054.html
sale,NEGOTIABLE | POST HANDOVER PAYMENT PLAN | STUDIO,District 14,Ashton Park Residences The Second,Jumeirah Village Circle,Dubai,Apartment,studio,1,385,NO,745000,801075,7,sell,Ahsan Hafeez,3S Real Estate Brokers,,2026-06-03T10:09:28Z,RL1444-Ahsan,https://www.propertyfinder.ae/en/plp/buy/apartment-for-sale-dubai-jumeirah-village-circle-district-14-ashton-park-residences-the-second-97818318.html
rent,All Bills Included | Stunning View | Maids Room,Orra Harbour Residences and Hotel Apartments,Orra Harbour Residences and Hotel Apartments,Dubai Marina,Dubai,Apartment,5,7,6901,YES,700000,752688,7,yearly,Bikrumjit Bagri,Luxfolio Real Estate Brokers LLC,,2026-06-22T12:14:19Z,LXF-R-176610,https://www.propertyfinder.ae/en/plp/rent/apartment-for-rent-dubai-dubai-marina-orra-harbour-residences-and-hotel-apartments-105977501.html
rent,High Floor |Burj Khalifa+Fountain View |Furnished,The Residences 5,The Residences,Downtown Dubai,Dubai,Penthouse,4,6,3481,YES,700000,752688,7,yearly,Damodar Shiwakoti,LUXE VITA PROPERTIES L.L.C,,2026-06-19T09:43:14Z,LVPR-000044,https://www.propertyfinder.ae/en/plp/rent/penthouse-for-rent-dubai-downtown-dubai-the-residences-the-residences-5-104679447.html
sale,Resale | With Private Pool | Amazing View,Samana Barari Views 2,Samana Barari Views 2,Majan,Dubai,Apartment,studio,1,412,NO,700000,752688,7,sell,Khedr Mouner Alyousef,NOVA CRYSTAL LINE REAL ESTATE L.L.C,,2026-07-17T06:58:59Z,SBV-2/MD/KMA-NS2026,https://www.propertyfinder.ae/en/plp/buy/apartment-for-sale-dubai-majan-samana-barari-views-2-117249421.html
sale,Private Pool | Modern Studio | Smart home,Samana Barari Views 2,Samana Barari Views 2,Majan,Dubai,Apartment,studio,1,412,NO,700000,752688,7,sell,Junaid Majid,White & Co Real Estate,,2026-07-15T12:04:24Z,RL-231632,https://www.propertyfinder.ae/en/plp/buy/apartment-for-sale-dubai-majan-samana-barari-views-2-116374190.html
sale,3% Installment | Post Handover Payment Plan,Vincitore Aqua Flora,Vincitore Aqua Flora,Dubai Science Park,Dubai,Apartment,studio,1,439,NO,700000,752688,7,sell,Daniela von Rotz,PROPERTY LEGACY PREMIER REAL ESTATE,,2026-06-18T09:48:03Z,Prope-S-101708,https://www.propertyfinder.ae/en/plp/buy/apartment-for-sale-dubai-dubai-science-park-vincitore-aqua-flora-104244888.html
sale,Lagoon Community | Luxury | Ideal Investment,Azizi Venice 12 Building B,Azizi Venice 12,Dubai South (Dubai World Central),Dubai,Apartment,studio,1,420,NO,700000,752688,7,sell,Iryna Bolibok,DGS Real Estate,,2026-06-01T11:01:55Z,DGS-AziziVenice12,https://www.propertyfinder.ae/en/plp/buy/apartment-for-sale-dubai-dubai-south-dubai-world-central-azizi-venice-azizi-venice-12-azizi-venice-12-building-b-96951421.html
sale,Brand New | ROI Deal | Ready Move | Spacious,District 10,Stonehenge Residence,Jumeirah Village Circle,Dubai,Apartment,studio,1,449,NO,699999,752687,7,sell,Irfan Ali,TRUSTKEY REAL ESTATE L.L.C,,2026-06-26T13:44:58Z,Irfan-StonehengeResidences-Sale,https://www.propertyfinder.ae/en/plp/buy/apartment-for-sale-dubai-jumeirah-village-circle-district-10-stonehenge-residence-107752074.html
sale,Largest Layout | Brand New | Pool View,District 12,AB Cavalier,Jumeirah Village Circle,Dubai,Apartment,studio,1,516,PARTLY,699999,752687,7,sell,Marco Lemmo,White & Co Real Estate,,2026-06-12T09:34:33Z,RL-224417,https://www.propertyfinder.ae/en/plp/buy/apartment-for-sale-dubai-jumeirah-village-circle-district-12-ab-cavalier-101704081.html
sale,Fully Furnished | Vacant | Prime Location,Capital Bay Tower B,Capital Bay,Business Bay,Dubai,Apartment,studio,1,417,YES,699851,752528,7,sell,Azadeh Ahmad Inanlou,KAYE & CO REAL ESTATE  L.L.C,,2026-06-11T12:54:28Z,KCO-S-M3YW,https://www.propertyfinder.ae/en/plp/buy/apartment-for-sale-dubai-business-bay-capital-bay-capital-bay-tower-b-101286868.html
sale,Marina Views | Brand New | Call to View Now,FH Residency,District 3,Jumeirah Village Triangle,Dubai,Apartment,studio,1,432,NO,699000,751613,7,sell,Dmitry Botvinyev,Driven Properties,,2026-07-17T07:24:37Z,DPF-S-54335,https://www.propertyfinder.ae/en/plp/buy/apartment-for-sale-dubai-jumeirah-village-triangle-district-3-fh-residency-117250113.html
sale,Fully Furnished & Renovated | Park View | Vacant,Park View Tower,District 14,Jumeirah Village Circle,Dubai,Apartment,studio,1,471,NO,670000,720430,7,sell,Harry Simon Cooke,YHU Properties,,2026-07-09T08:10:30Z,YHUPr-S-109385,https://www.propertyfinder.ae/en/plp/buy/apartment-for-sale-dubai-jumeirah-village-circle-district-14-park-view-tower-113701528.html
sale,Best Investment | Studio | Prime Location,Azizi Riviera 27,Azizi Riviera,Meydan,Dubai,Apartment,studio,1,370,NO,670000,720430,7,sell,Martina Gretton-Barancova,Allsopp & Allsopp -Business Bay,,2026-07-03T05:55:15Z,L-304201,https://www.propertyfinder.ae/en/plp/buy/apartment-for-sale-dubai-meydan-meydan-one-azizi-riviera-azizi-riviera-27-110952150.html
sale,Amenities View | Large Terrace | Vacant,Azizi Riviera 16,Azizi Riviera,Meydan,Dubai,Apartment,studio,1,595,YES,660000,709677,7,sell,Rebecca Marsden,XO,,2026-07-20T09:30:25Z,XO-20863,https://www.propertyfinder.ae/en/plp/buy/apartment-for-sale-dubai-meydan-meydan-one-azizi-riviera-azizi-riviera-16-118580716.html
sale,Investor Deal | Huge Size With Terrace | Vacant,Azizi Riviera 16,Azizi Riviera,Meydan,Dubai,Apartment,studio,1,595,NO,659999,709676,7,sell,Abid Ali,The Royal Nest Real Estate,,2026-07-23T09:03:28Z,Abid-S-A16-710,https://www.propertyfinder.ae/en/plp/buy/apartment-for-sale-dubai-meydan-meydan-one-azizi-riviera-azizi-riviera-16-120167104.html
rent,Upgraded | Furnished | 4BR Duplex Penthouse,23 Marina,,Dubai Marina,Dubai,Penthouse,4,5,5645,YES,650000,698925,7,yearly,Bharat Bedi,Think Properties,,2026-07-17T09:25:25Z,Think-0229,https://www.propertyfinder.ae/en/plp/rent/penthouse-for-rent-dubai-dubai-marina-23-marina-117257063.html
sale,Brand New | Completion Next Month | Genuine Resale,District 15,North 43 Residences,Jumeirah Village Circle,Dubai,Apartment,studio,1,337,YES,650000,698925,7,sell,Shakhrom Akhmedov,Driven Properties,,2026-07-22T05:22:55Z,DPF-S-55130,https://www.propertyfinder.ae/en/plp/buy/apartment-for-sale-dubai-jumeirah-village-circle-district-15-north-43-residences-119478931.html
sale,Pool View | Modern | Prime Location | High ROI,Azizi Star,,Al Furjan,Dubai,Apartment,studio,1,399,YES,650000,698925,7,sell,Adam Alwadiya,Harbor Real Estate,,2026-07-13T11:06:49Z,AP22689-1,https://www.propertyfinder.ae/en/plp/buy/apartment-for-sale-dubai-al-furjan-azizi-star-115480048.html
sale,Fully Upgraded Furnished | 9% ROI | Boulevard View,Azizi Riviera 9,Azizi Riviera,Meydan,Dubai,Apartment,studio,1,318,YES,650000,698925,7,sell,Khedr Mouner Alyousef,NOVA CRYSTAL LINE REAL ESTATE L.L.C,,2026-06-24T07:50:26Z,AZR-9/MO/KMA-NS2026,https://www.propertyfinder.ae/en/plp/buy/apartment-for-sale-dubai-meydan-meydan-one-azizi-riviera-azizi-riviera-9-106837266.html
sale,Hot Deal l Motivated Seller l Fully Furnished,Azizi Riviera 9,Azizi Riviera,Meydan,Dubai,Apartment,studio,1,314,YES,650000,698925,7,sell,Ali Hussnain,LEADERS FORT REAL ESTATE BROKERS L.L.C,,2026-06-18T11:26:25Z,ALIHUSSNAIN-1256,https://www.propertyfinder.ae/en/plp/buy/apartment-for-sale-dubai-meydan-meydan-one-azizi-riviera-azizi-riviera-9-104252435.html
sale,Premium Studio | Fully Furnished | Lowest Price,Cove Grand Imtiaz,,Dubai Land Residence Complex,Dubai,Apartment,studio,1,499,NO,650000,698925,7,sell,Mario Costa,D V R C REAL ESTATE L.L.C,,2026-05-14T16:38:09Z,CGC-S-1058,https://www.propertyfinder.ae/en/plp/buy/apartment-for-sale-dubai-dubai-land-residence-complex-cove-grand-imtiaz-89214859.html
sale,Fully Furnished| Fully Paid| Resale| Brand New,Jewelz by Danube,,Arjan,Dubai,Apartment,studio,1,420,NO,580000,623656,7,sell,Reji Joseph,fam Properties - Branch 16,,2026-07-14T10:14:37Z,PF-TDLm-AS-99303,https://www.propertyfinder.ae/en/plp/buy/apartment-for-sale-dubai-arjan-jewelz-by-danube-115922965.html
sale,Investment Opportunity Ready Soon Great Location,Azizi Beach Oasis 2,Azizi Beach Oasis 2,Dubai Studio City,Dubai,Apartment,studio,1,347,NO,575000,618280,7,sell,Iryna Bolibok,DGS Real Estate,,2026-06-01T10:35:36Z,DGS-BeachOasis,https://www.propertyfinder.ae/en/plp/buy/apartment-for-sale-dubai-dubai-studio-city-azizi-beach-oasis-2-96949473.html
rent,Penthouse | Full Burj View | Luxurious,The Residences 5,The Residences,Downtown Dubai,Dubai,Penthouse,4,5,3481,YES,570000,612903,7,yearly,Steve Luaba,Luxfolio Real Estate Brokers LLC,,2026-07-28T07:59:06Z,LXF-R-178816,https://www.propertyfinder.ae/en/plp/rent/penthouse-for-rent-dubai-downtown-dubai-the-residences-the-residences-5-122441089.html
rent,Upgraded Duplex | Fully Furnished | Ready to Move,No.9,,Dubai Marina,Dubai,Duplex,3,4,3122,YES,550000,591398,7,yearly,Muhammad Sunain,Four Apple Real Estate - Business Bay,,2026-07-17T10:11:27Z,YA3N28J0B3GS9QZJ3TVY94CZM0,https://www.propertyfinder.ae/en/plp/rent/duplex-for-rent-dubai-dubai-marina-no-9-117260048.html
rent,Large 4 Bed | Emaar | Vacant | Unfurnished,Al Mesk Tower,Dubai Marina Towers,Dubai Marina,Dubai,Apartment,4,4,2900,NO,310000,333333,7,yearly,Georgia Ward,Allsopp & Allsopp - Residential Lettings,,2026-07-07T12:45:14Z,L-301196,https://www.propertyfinder.ae/en/plp/rent/apartment-for-rent-dubai-dubai-marina-dubai-marina-towers-al-mesk-tower-112755580.html
rent,Bills inc|Upgraded And Furnished | Full Sea View,Ocean Heights,,Dubai Marina,Dubai,Apartment,4,6,2494,YES,280000,301075,7,yearly,Adam Lewis,Edwards and Towers Real Estate Brokers,,2026-07-18T08:31:53Z,EDT-R-3052,https://www.propertyfinder.ae/en/plp/rent/apartment-for-rent-dubai-dubai-marina-ocean-heights-117699774.html
rent,Brandnew 4 beds |  Open Kitchen | With Balcony,Crest Grande,Sobha Hartland,Mohammed Bin Rashid City,Dubai,Apartment,4,2,2218,NO,280000,301075,7,yearly,Rami Ahmad,GRAND LAND REAL ESTATE BROKER,,2026-06-22T13:40:24Z,GL0000000258,https://www.propertyfinder.ae/en/plp/rent/apartment-for-rent-dubai-mohammed-bin-rashid-city-sobha-hartland-crest-grande-105983321.html
rent,Spacious 4BR + Maid | Single Row| Corner Townhouse,Jebel Ali Village,Jebel Ali Village Townhouses,Jebel Ali,Dubai,Townhouse,4,5,3764,NO,280000,301075,7,yearly,Thouraya  Mhamdi,Red Real Estate,,2026-08-03T12:22:01Z,RedRe-R-119964,https://www.propertyfinder.ae/en/plp/rent/townhouse-for-rent-dubai-jebel-ali-jebel-ali-village-jebel-ali-village-townhouses-125180604.html
rent,Semi-Furnished | Open Plan Kitchen | View Now!,Boulevard Crescent Tower 1,BLVD Crescent,Downtown Dubai,Dubai,Apartment,3,4,1982,PARTLY,279899,300967,7,yearly,Amin Mosely,KEY CAPITAL PROPERTIES,,2026-08-04T14:28:01Z,KEYCAPITAL-OLIFER-FOR-RENT-IN-BLVD-CRESCENT-3BR,https://www.propertyfinder.ae/en/plp/rent/apartment-for-rent-dubai-downtown-dubai-blvd-crescent-boulevard-crescent-tower-1-125658436.html
rent,Brand New | Large Layout | Vacant,Crest Grande,Sobha Hartland,Mohammed Bin Rashid City,Dubai,Apartment,4,6,2157,NO,270000,290323,7,yearly,Aryan Bash,haus & haus,,2026-07-28T08:30:56Z,ADM264405,https://www.propertyfinder.ae/en/plp/rent/apartment-for-rent-dubai-mohammed-bin-rashid-city-sobha-hartland-crest-grande-122443976.html
rent,Elegant Penthouse 3 Beds w Maid - Huge Terrace,Jumeirah Garden City,Jumeirah Garden City,Al Satwa,Dubai,Penthouse,3,5,3604,NO,270000,290323,7,yearly,Mohammad Hashem Sharifi,Uphill Real Estate Brokers,,2026-07-01T10:28:34Z,rooftop,https://www.propertyfinder.ae/en/plp/rent/penthouse-for-rent-dubai-al-satwa-jumeirah-garden-city-110046602.html
rent,Exclusive Rooftop Penthouse | 3BR + Maid | Terrace,Al Awadhi Res 2,,Al Satwa,Dubai,Penthouse,3,5,3604,NO,270000,290323,7,yearly,Mohammad Hashem Sharifi,Uphill Real Estate Brokers,,2026-06-20T13:47:31Z,Pent,https://www.propertyfinder.ae/en/plp/rent/penthouse-for-rent-dubai-al-satwa-al-awadhi-res-2-105127048.html
rent,Spacious 4 BR + Maid | High Floor | Prime Location,Crest Grande,Sobha Hartland,Mohammed Bin Rashid City,Dubai,Apartment,4,5,2219,NO,255000,274194,7,yearly,Peter Rodrigues,DNH Real Estate L.L.C,,2026-07-29T13:12:15Z,ARN-4BR-SHCG1,https://www.propertyfinder.ae/en/plp/rent/apartment-for-rent-dubai-mohammed-bin-rashid-city-sobha-hartland-crest-grande-122927672.html
rent,Pool & Park View | Vacant | Spacious Layout,Acacia B,Acacia,Dubai Hills Estate,Dubai,Apartment,3,4,1876,NO,250000,268817,7,yearly,Muhammad Waleed,Union Square House Real Estate,,2026-08-03T11:14:02Z,J249RXT9VSN3Q62MKZ45KFRT40,https://www.propertyfinder.ae/en/plp/rent/apartment-for-rent-dubai-dubai-hills-estate-park-heights-acacia-acacia-b-125173734.html
rent,Available Now | Large Layout with Maids Room,Crest Grande,Sobha Hartland,Mohammed Bin Rashid City,Dubai,Apartment,4,6,2353,NO,250000,268817,7,yearly,Amina Azam,Driven Properties,,2026-06-18T05:58:23Z,DP-R-63372,https://www.propertyfinder.ae/en/plp/rent/apartment-for-rent-dubai-mohammed-bin-rashid-city-sobha-hartland-crest-grande-104118682.html
rent,Sea & Palm Views I Available now I High Floor,Sadaf 8,Sadaf,Jumeirah Beach Residence,Dubai,Apartment,4,4,2856,NO,215000,231183,7,yearly,Syed Abdul Moiz,EVA Real Estate LLC,,2026-07-22T07:33:00Z,eva-5003,https://www.propertyfinder.ae/en/plp/rent/apartment-for-rent-dubai-jumeirah-beach-residence-sadaf-sadaf-8-119481773.html
rent,Best deal | High Floor | Unfurnished,Burj Crown,,Downtown Dubai,Dubai,Apartment,3,4,1356,NO,210000,225806,7,yearly,Iskandar Isokov,DREAM ROYAL REAL ESTATE L.L.C,,2026-08-04T09:44:16Z,DR-R-4747-Isk,https://www.propertyfinder.ae/en/plp/rent/apartment-for-rent-dubai-downtown-dubai-burj-crown-125636091.html
rent,Spacious Layout | Luxury Family Size | Water Front,The Crest Tower A,The Crest,Mohammed Bin Rashid City,Dubai,Apartment,3,5,1568,NO,200000,215054,7,yearly,Sasha Amir,McCone Properties,,2026-08-02T05:16:30Z,MCC-R-50593-17,https://www.propertyfinder.ae/en/plp/rent/apartment-for-rent-dubai-mohammed-bin-rashid-city-sobha-hartland-the-crest-the-crest-tower-a-124711569.html
rent,3BR + Maid's | Corner Unit | Malibu Beach,Pelham,Akoya Park,Damac Hills,Dubai,Villa,3,5,2700,NO,200000,215054,7,yearly,Adam Day,C AND M PROPERTIES L.L.C,,2026-08-05T07:37:17Z,CMR0029,https://www.propertyfinder.ae/en/plp/rent/villa-for-rent-dubai-damac-hills-akoya-park-pelham-126087641.html
rent,Vacant Soon | Ground Floor | Duplex,The Terraces North Side,The Terraces,Mohammed Bin Rashid City,Dubai,Duplex,2,3,1528,NO,195000,209677,7,yearly,Rebecca Marsden,XO,,2026-06-29T06:44:44Z,XO-24196,https://www.propertyfinder.ae/en/plp/rent/duplex-for-rent-dubai-mohammed-bin-rashid-city-sobha-hartland-the-terraces-the-terraces-north-side-109027139.html
rent,Vacant | Spacious  | 02 Parking Spaces,DAMAC Majestine,,Business Bay,Dubai,Apartment,3,4,1420,YES,140000,150538,7,yearly,Youssouf Ngouh Njikam,fam Properties - Branch 2,,2026-07-31T12:47:01Z,PF-Frme-AR-33524,https://www.propertyfinder.ae/en/plp/rent/apartment-for-rent-dubai-business-bay-damac-majestine-123836206.html
rent,Fully Furnished | Palm Views | Available Now,Beach Mansion Tower 2,Beach Mansion,Dubai Harbour,Dubai,Apartment,1,1,730,NO,135000,145161,7,yearly,Rakim Taalib,Baron Luxe Real Estate LLC,,2026-08-06T10:32:06Z,BLRE-3303,https://www.propertyfinder.ae/en/plp/rent/apartment-for-rent-dubai-dubai-harbour-emaar-beachfront-beach-mansion-beach-mansion-tower-2-126560379.html
rent,Spacious Layout | Sea View | Chiller Free,5242 Tower 2,5242,Dubai Marina,Dubai,Apartment,1,1,1002,YES,130000,139785,7,yearly,Carmencel Icasiam,LuxLiving Real Estate,,2026-08-03T08:23:24Z,LUL-R-15679,https://www.propertyfinder.ae/en/plp/rent/apartment-for-rent-dubai-dubai-marina-5242-5242-tower-2-125157479.html
rent,Private Pool |Unique Funkey Triplex | From Aug 20,Cappadocia,District 13,Jumeirah Village Circle,Dubai,Penthouse,3,4,3685,NO,130000,139785,7,yearly,Mazhar Shahzad,Golden Wave Properties,,2026-07-13T10:20:20Z,GW-R-12832,https://www.propertyfinder.ae/en/plp/rent/penthouse-for-rent-dubai-jumeirah-village-circle-district-13-cappadocia-115476884.html
rent,Rear Unit | Duplex | Pool  View | Private Garden,Lime Gardens,Lime Gardens,Dubai Hills Estate,Dubai,Duplex,1,2,1317,NO,129999,139784,7,yearly,Muhammad Yosef,IHOME REAL ESTATE BROKERAGE L.L.C,,2026-07-01T07:28:30Z,Yosef-R-1BR-Duplex-LimeGardens,https://www.propertyfinder.ae/en/plp/rent/duplex-for-rent-dubai-dubai-hills-estate-lime-gardens-110027996.html
rent,Full Marina View | Fully Furnished | Spacious Unit,Marina Gate 2,Marina Gate,Dubai Marina,Dubai,Apartment,1,2,827,YES,120000,129032,7,yearly,Paula Markvukaj,National Homes,,2026-08-01T08:07:39Z,AP8187-2,https://www.propertyfinder.ae/en/plp/rent/apartment-for-rent-dubai-dubai-marina-marina-gate-marina-gate-2-124268915.html
rent,FULLY FURNISHED 1BHK READY TO MOVE,Binghatti Gateway,,Al Jaddaf,Dubai,Apartment,1,2,956,YES,69999,75268,7,yearly,Muhammad Kashif Tasleem,Dream Oshan Properties,,2026-08-06T07:03:24Z,5PS2RQBM67C1KQQZGEJ6XTG15C,https://www.propertyfinder.ae/en/plp/rent/apartment-for-rent-dubai-al-jaddaf-binghatti-gateway-126544626.html
rent,Fully Furnished | Marasi Bay | 12 Cheques,15 Northside Tower 1,15 Northside,Business Bay,Dubai,Apartment,studio,1,377,YES,65000,69892,7,yearly,Leon Sieger,Savills Dubai,,2026-08-05T07:41:37Z,AP47010-1,https://www.propertyfinder.ae/en/plp/rent/apartment-for-rent-dubai-business-bay-15-northside-15-northside-tower-1-126087925.html
rent,Ready to Move in | Semi Furnished | Balcony,Oxford Terraces,District 11,Jumeirah Village Circle,Dubai,Apartment,studio,1,411,YES,39999,43010,7,yearly,Mohamad Molham Estanbali,Driven Properties,,2026-08-04T09:25:25Z,DPF-R-45489,https://www.propertyfinder.ae/en/plp/rent/apartment-for-rent-dubai-jumeirah-village-circle-district-11-oxford-terraces-125634371.html
